Spirit,Absinthe,Latin Quarter,http://www.reddit.com/r/cocktails/comments/2vkgdm/not_cocktail_of_the_week_107_latin_quarter/
Spirit,Absinthe,Corpse Reviver No. 2,http://www.reddit.com/r/cocktails/comments/17555c/not_cocktail_of_the_week_3_corpse_reviver_2/
Spirit,Absinthe,Improved Whiskey Cocktail,http://www.reddit.com/r/cocktails/comments/1hkxy5/not_cocktail_of_the_week_26_improved_whiskey/
Spirit,Absinthe,Rattlesnake,http://www.reddit.com/r/cocktails/comments/1ktllm/not_cocktail_of_the_week_33_rattlesnake/
Spirit,Absinthe,Zombie,http://www.reddit.com/r/cocktails/comments/1o2ybi/not_cocktail_of_the_week_40_the_zombie/
Spirit,Absinthe,Astor Hotel Special,http://www.reddit.com/r/cocktails/comments/1uqnsq/not_cocktail_of_the_week_53_astor_hotel_special/
Spirit,Absinthe,Sazerac,http://www.reddit.com/r/cocktails/comments/1zk37d/not_cocktail_of_the_week_61_special_mardi_gras/
Spirit,Absinthe,Remember the Maine,http://www.reddit.com/r/cocktails/comments/20u5cf/not_cocktail_of_the_week_63_remember_the_maine/
Spirit,Absinthe,Martini,http://www.reddit.com/r/cocktails/comments/26p35e/not_cocktail_of_the_week_73_dry_martini/
Spirit,Absinthe,Cocktail a la Lousiane,http://www.reddit.com/r/cocktails/comments/2tzik7/not_cocktail_of_the_week_106_cocktail_a_la/
Spirit,Absinthe,Chrysanthemum,http://www.reddit.com/r/cocktails/comments/309ww9/not_cocktail_of_the_week_110_chrysanthemum/
Mixer,Allspice Dram,Lion's Tail,http://www.reddit.com/r/cocktails/comments/18z307/not_cocktail_of_the_week_7_lions_tail/
Mixer,Allspice Dram,Tiki Edition - Three Dots & A Dash,http://www.reddit.com/r/cocktails/comments/2ct529/not_cocktail_of_the_week_83_tiki_edition_three/
Mixer,Allspice Dram,Tiki Edition - Navy Grog,http://www.reddit.com/r/cocktails/comments/2g11qr/not_cocktail_of_the_week_88_tiki_edition_navy_grog/
Mixer,Allspice Dram,Flannel Shirt,http://www.reddit.com/r/cocktails/comments/2m3rsx/not_cocktail_of_the_week_97_flannel_shirt/
Mixer,Amaretto,Godfather,http://www.reddit.com/r/cocktails/comments/1q21yk/not_cocktail_of_the_week_44_godfather/
Mixer,Amaretto,Amaretto Sour,http://www.reddit.com/r/cocktails/comments/1vvuw7/not_cocktail_of_the_week_55_amaretto_sour/
Mixer,Amaretto,Old Ironsides,http://www.reddit.com/r/cocktails/comments/33i34n/not_cocktail_of_the_week_112_old_ironsides/
Mixer,Amaro CioCiaro,Paper Plane,http://www.reddit.com/r/cocktails/comments/2x6iww/ncotw_108_paper_plane/
Mixer,Amaro Nonino Quintessentia,Paper Plane,http://www.reddit.com/r/cocktails/comments/2x6iww/ncotw_108_paper_plane/
Mixer,Amaro Nonino Quintessentia,Sweet and Vicious,http://www.reddit.com/r/cocktails/comments/37huyv/not_cocktail_of_the_week_115_sweet_and_vicious/
Mixer,Amer Picon,Brooklyn,http://www.reddit.com/r/cocktails/comments/2ni3ba/not_cocktail_of_the_week_99_the_brooklyn/
Mixer,Aperol,Negroni,http://www.reddit.com/r/cocktails/comments/1aoe1c/not_cocktail_of_the_week_11_negroni/
Mixer,Aperol,Intro to Aperol,http://www.reddit.com/r/cocktails/comments/1eegsr/not_cocktail_of_the_week_19_intro_to_aperol/
Mixer,Aperol,Shaddock,http://www.reddit.com/r/cocktails/comments/1jwh9f/not_cocktail_of_the_week_31_shaddock/
Mixer,Aperol,Melon Stand,http://www.reddit.com/r/cocktails/comments/29o98j/not_cocktail_of_the_week_78_melon_stand/
Mixer,Aperol,Paper Plane,http://www.reddit.com/r/cocktails/comments/2x6iww/ncotw_108_paper_plane/
Mixer,Apple,Sweet and Vicious,http://www.reddit.com/r/cocktails/comments/37huyv/not_cocktail_of_the_week_115_sweet_and_vicious/
Spirit,Applejack,Jack Rose,http://www.reddit.com/r/cocktails/comments/1bnysd/not_cocktail_of_the_week_13_jack_rose/
Spirit,Applejack,Corpse Reviver No. 1,http://www.reddit.com/r/cocktails/comments/1lqice/not_cocktail_of_the_week_35_corpse_reviver_no_1/
Spirit,Applejack,Diamondback,http://www.reddit.com/r/cocktails/comments/1pk1iv/not_cocktail_of_the_week_43_diamondback/
Spirit,Applejack,Eggnog,http://www.reddit.com/r/cocktails/comments/1sovyg/not_cocktail_of_the_week_49_eggnog/
Spirit,Applejack,Bronco Buster,http://www.reddit.com/r/cocktails/comments/1x4l11/not_cocktail_of_the_week_57_bronco_buster/
Spirit,Applejack,Deauville,http://www.reddit.com/r/cocktails/comments/22mgqx/not_cocktail_of_the_week_66_deauville/
Spirit,Applejack,Jake Barnes,http://www.reddit.com/r/cocktails/comments/23self/not_cocktail_of_the_week_68_jake_barnes/
Spirit,Applejack,Savoy Tango,http://www.reddit.com/r/cocktails/comments/2k0ksp/not_cocktail_of_the_week_94_savoy_tango/
Spirit,Applejack,Royal Smile,http://www.reddit.com/r/cocktails/comments/2kphq0/not_cocktail_of_the_week_95_royal_smile/
Mixer,Apricot Liqueur,Tiki Edition - Hotel Nacional Special,http://www.reddit.com/r/cocktails/comments/2dgqc3/not_cocktail_of_the_week_84_tiki_edition_hotel/
Mixer,Averna,Flannel Shirt,http://www.reddit.com/r/cocktails/comments/2m3rsx/not_cocktail_of_the_week_97_flannel_shirt/
Mixer,Averna,Black Manhattan,http://www.reddit.com/r/cocktails/comments/2o6vuo/not_cocktail_of_the_week_100_black_manhattan/
Mixer,Benedictine,Bobby Burns,http://www.reddit.com/r/cocktails/comments/169jv7/cocktail_of_the_week_3_bobby_burns/
Mixer,Benedictine,Montgomery Smith,http://www.reddit.com/r/cocktails/comments/17kqvh/not_cocktail_of_the_week_4_montgomery_smith/
Mixer,Benedictine,Vieux Carre,http://www.reddit.com/r/cocktails/comments/1a8cs5/not_cocktail_of_the_week_10_vieux_carrz/
Mixer,Benedictine,Monte Carlo,http://www.reddit.com/r/cocktails/comments/1fa6vy/not_cocktail_of_the_week_21_monte_carlo/
Mixer,Benedictine,Widow's Kiss,http://www.reddit.com/r/cocktails/comments/1toslc/not_cocktail_of_the_week_51_widows_kiss/
Mixer,Benedictine,Between the Sheets,http://www.reddit.com/r/cocktails/comments/1xqbox/not_cocktail_of_the_week_58_between_the_sheets/
Mixer,Benedictine,Brass Rail,http://www.reddit.com/r/cocktails/comments/21g5zr/not_cocktail_of_the_week_64_brass_rail/
Mixer,Benedictine,Singapore Sling,http://www.reddit.com/r/cocktails/comments/24z689/not_cocktail_of_the_week_70_singapore_sling/
Mixer,Benedictine,Cocktail a la Lousiane,http://www.reddit.com/r/cocktails/comments/2tzik7/not_cocktail_of_the_week_106_cocktail_a_la/
Mixer,Benedictine,Chrysanthemum,http://www.reddit.com/r/cocktails/comments/309ww9/not_cocktail_of_the_week_110_chrysanthemum/
Mixer,Benedictine,Little Miss Annabelle,https://www.reddit.com/r/cocktails/comments/3ql2r3/not_cocktail_of_the_week_121_little_miss_annabelle/
Mixer,Bitters [Angostura],The Manhattan,http://www.reddit.com/r/cocktails/comments/16pciv/not_cocktail_of_the_week_2_the_manhattan/
Mixer,Bitters [Angostura],Lion's Tail,http://www.reddit.com/r/cocktails/comments/18z307/not_cocktail_of_the_week_7_lions_tail/
Mixer,Bitters [Angostura],Greenpoint,http://www.reddit.com/r/cocktails/comments/19s7lz/not_cocktail_of_the_week_9_greenpoint/
Mixer,Bitters [Angostura],Vieux Carre,http://www.reddit.com/r/cocktails/comments/1a8cs5/not_cocktail_of_the_week_10_vieux_carre/
Mixer,Bitters [Angostura],Pegu Club,http://www.reddit.com/r/cocktails/comments/1c3psn/not_cocktail_of_the_week_14_pegu_club/
Mixer,Bitters [Angostura],Martinez,http://www.reddit.com/r/cocktails/comments/1ck6v2/not_cocktail_of_the_week_15_martinez/
Mixer,Bitters [Angostura],Intro to Aperol,http://www.reddit.com/r/cocktails/comments/1eegsr/not_cocktail_of_the_week_19_intro_to_aperol/
Mixer,Bitters [Angostura],Monte Carlo,http://www.reddit.com/r/cocktails/comments/1fa6vy/not_cocktail_of_the_week_21_monte_carlo/
Mixer,Bitters [Angostura],Angostura Sour,http://www.reddit.com/r/cocktails/comments/1h41yg/not_cocktail_of_the_week_25_angostura_sour/
Mixer,Bitters [Angostura],Improved Whiskey Cocktail,http://www.reddit.com/r/cocktails/comments/1hkxy5/not_cocktail_of_the_week_26_improved_whiskey/
Mixer,Bitters [Angostura],Mai Tai,http://www.reddit.com/r/cocktails/comments/1ii3l5/not_cocktail_of_the_week_28_mai_tai/
Mixer,Bitters [Angostura],Southside and Southern Exposure,http://www.reddit.com/r/cocktails/comments/1jfrqi/not_cocktail_of_the_week_30_southside_and/
Mixer,Bitters [Angostura],Corpse Reviver No. 1,http://www.reddit.com/r/cocktails/comments/1lqice/not_cocktail_of_the_week_35_corpse_reviver_no_1/
Mixer,Bitters [Angostura],Armistice,http://www.reddit.com/r/cocktails/comments/1m6xn2/not_cocktail_of_the_week_36_armistice/
Mixer,Bitters [Angostura],Japanese,http://www.reddit.com/r/cocktails/comments/1mnoih/not_cocktail_of_the_week_37_japanese/
Mixer,Bitters [Angostura],Zombie,http://www.reddit.com/r/cocktails/comments/1o2ybi/not_cocktail_of_the_week_40_the_zombie/
Mixer,Bitters [Angostura],Delmonico,http://www.reddit.com/r/cocktails/comments/1p2gfl/not_cocktail_of_the_week_42_delmonico/
Mixer,Bitters [Angostura],Godfather,http://www.reddit.com/r/cocktails/comments/1q21yk/not_cocktail_of_the_week_44_godfather/
Mixer,Bitters [Angostura],Harvest Moon,http://www.reddit.com/r/cocktails/comments/1qkkly/not_cocktail_of_the_week_45_harvest_moon/
Mixer,Bitters [Angostura],Widow's Kiss,http://www.reddit.com/r/cocktails/comments/1toslc/not_cocktail_of_the_week_51_widows_kiss/
Mixer,Bitters [Angostura],Old-Fashioned,http://www.reddit.com/r/cocktails/comments/1u7nb3/not_cocktail_of_the_week_52_oldfashioned/
Mixer,Bitters [Angostura],Sazerac,http://www.reddit.com/r/cocktails/comments/1zk37d/not_cocktail_of_the_week_61_special_mardi_gras/
Mixer,Bitters [Angostura],Champs Elysees,http://www.reddit.com/r/cocktails/comments/209moq/not_cocktail_of_the_week_62_champs_elysees/
Mixer,Bitters [Angostura],Brass Rail,http://www.reddit.com/r/cocktails/comments/21g5zr/not_cocktail_of_the_week_64_brass_rail/
Mixer,Bitters [Angostura],Bronx & Income Tax,http://www.reddit.com/r/cocktails/comments/221kjr/not_cocktail_of_the_week_65_bronx_income_tax/
Mixer,Bitters [Angostura],Jake Barnes,http://www.reddit.com/r/cocktails/comments/23self/not_cocktail_of_the_week_68_jake_barnes/
Mixer,Bitters [Angostura],Mint Julep,http://www.reddit.com/r/cocktails/comments/24d68i/not_cocktail_of_the_week_69_mint_julep/
Mixer,Bitters [Angostura],Singapore Sling,http://www.reddit.com/r/cocktails/comments/24z689/not_cocktail_of_the_week_70_singapore_sling/
Mixer,Bitters [Angostura],Gimlet,http://www.reddit.com/r/cocktails/comments/28i1dn/not_cocktail_of_the_week_76_gimlet/
Mixer,Bitters [Angostura],Mojito,http://www.reddit.com/r/cocktails/comments/2aw7zg/not_cocktail_of_the_week_80_mojito/
Mixer,Bitters [Angostura],Tiki Edition - Hotel Nacional Special,http://www.reddit.com/r/cocktails/comments/2dgqc3/not_cocktail_of_the_week_84_tiki_edition_hotel/
Mixer,Bitters [Angostura],Tiki Edition - Navy Grog,http://www.reddit.com/r/cocktails/comments/2g11qr/not_cocktail_of_the_week_88_tiki_edition_navy_grog/
Mixer,Bitters [Angostura],Toronto,http://www.reddit.com/r/cocktails/comments/2le79y/not_cocktail_of_the_week_96_toronto_fernet_branca/
Mixer,Bitters [Angostura],Flannel Shirt,http://www.reddit.com/r/cocktails/comments/2m3rsx/not_cocktail_of_the_week_97_flannel_shirt/
Mixer,Bitters [Angostura],Harvard,http://www.reddit.com/r/cocktails/comments/2msxfz/not_cocktail_of_the_week_98_harvard/
Mixer,Bitters [Angostura],Rob Roy,http://www.reddit.com/r/cocktails/comments/2owdug/not_cocktail_of_the_week_101_rob_roy/
Mixer,Bitters [Angostura],Cocktail a la Lousiane,http://www.reddit.com/r/cocktails/comments/2tzik7/not_cocktail_of_the_week_106_cocktail_a_la/
Mixer,Bitters [Angostura],Latin Quarter,http://www.reddit.com/r/cocktails/comments/2vkgdm/not_cocktail_of_the_week_107_latin_quarter/
Mixer,Bitters [Angostura],Vintage Manhattan,http://www.reddit.com/r/cocktails/comments/2qy53c/not_cocktail_of_the_week_104_vintage_manhattan/
Mixer,Bitters [Angostura],Rum Manhattan,http://www.reddit.com/r/cocktails/comments/27wec2/not_cocktail_of_the_week_75_bumbo_rum_manhattan/
Mixer,Bitters [Angostura],Tiki Edition - Queen's Park Swizzle,http://www.reddit.com/r/cocktails/comments/2fdo9o/not_cocktail_of_the_week_87_tiki_edition_queens/
Mixer,Bitters [Angostura],Tiki Edition - 151 Swizzle,http://www.reddit.com/r/cocktails/comments/2fdo9o/not_cocktail_of_the_week_87_tiki_edition_queens/
Mixer,Bitters [Angostura],Conference,http://www.reddit.com/r/cocktails/comments/35usdg/not_cocktail_of_the_week_114_conference/
Mixer,Bitters [Bitter Truth Creole],Latin Quarter,http://www.reddit.com/r/cocktails/comments/2vkgdm/not_cocktail_of_the_week_107_latin_quarter/
Mixer,Bitters [Bittermen's Xocolatl Mole],Latin Quarter,http://www.reddit.com/r/cocktails/comments/2vkgdm/not_cocktail_of_the_week_107_latin_quarter/
Mixer,Bitters [Bittermen's Xocolatl Mole],Conference,http://www.reddit.com/r/cocktails/comments/35usdg/not_cocktail_of_the_week_114_conference/
Mixer,Bitters [Bogart's],Japanese,http://www.reddit.com/r/cocktails/comments/1mnoih/not_cocktail_of_the_week_37_japanese/
Mixer,Bitters [Bogart's],Old-Fashioned,http://www.reddit.com/r/cocktails/comments/1u7nb3/not_cocktail_of_the_week_52_oldfashioned/
Mixer,Bitters [Boker's],Martinez,http://www.reddit.com/r/cocktails/comments/1ck6v2/not_cocktail_of_the_week_15_martinez/
Mixer,Bitters [Boker's],Improved Whiskey Cocktail,http://www.reddit.com/r/cocktails/comments/1hkxy5/not_cocktail_of_the_week_26_improved_whiskey/
Mixer,Bitters [Boker's],Old-Fashioned,http://www.reddit.com/r/cocktails/comments/1u7nb3/not_cocktail_of_the_week_52_oldfashioned/
Mixer,Bitters [Boker's],Martini,http://www.reddit.com/r/cocktails/comments/26p35e/not_cocktail_of_the_week_73_dry_martini/
Mixer,Bitters [Fee Brother's Whiskey Barrel Aged],Old Ironsides,http://www.reddit.com/r/cocktails/comments/33i34n/not_cocktail_of_the_week_112_old_ironsides/
Mixer,Bitters [Miracle Mile Forbidden],Paper Plane,http://www.reddit.com/r/cocktails/comments/2x6iww/ncotw_108_paper_plane/
Mixer,Bitters [Orange],Greenpoint,http://www.reddit.com/r/cocktails/comments/19s7lz/not_cocktail_of_the_week_9_greenpoint/
Mixer,Bitters [Orange],Pegu Club,http://www.reddit.com/r/cocktails/comments/1c3psn/not_cocktail_of_the_week_14_pegu_club/
Mixer,Bitters [Orange],Martinez,http://www.reddit.com/r/cocktails/comments/1ck6v2/not_cocktail_of_the_week_15_martinez/
Mixer,Bitters [Orange],Delmonico,http://www.reddit.com/r/cocktails/comments/1p2gfl/not_cocktail_of_the_week_42_delmonico/
Mixer,Bitters [Orange],Scofflaw,http://www.reddit.com/r/cocktails/comments/1r389k/not_cocktail_of_the_week_46_scofflaw/
Mixer,Bitters [Orange],Alaska,http://www.reddit.com/r/cocktails/comments/1vb2os/not_cocktail_of_the_week_54_alaska/
Mixer,Bitters [Orange],Brass Rail,http://www.reddit.com/r/cocktails/comments/21g5zr/not_cocktail_of_the_week_64_brass_rail/
Mixer,Bitters [Orange],Bronx & Income Tax,http://www.reddit.com/r/cocktails/comments/221kjr/not_cocktail_of_the_week_65_bronx_income_tax/
Mixer,Bitters [Orange],Singapore Sling,http://www.reddit.com/r/cocktails/comments/24z689/not_cocktail_of_the_week_70_singapore_sling/
Mixer,Bitters [Orange],Gimlet,http://www.reddit.com/r/cocktails/comments/28i1dn/not_cocktail_of_the_week_76_gimlet/
Mixer,Bitters [Orange],Algonquin,http://www.reddit.com/r/cocktails/comments/2i16yn/ncotw_91_algonquin/
Mixer,Bitters [Orange],Revolver,http://www.reddit.com/r/cocktails/comments/25kdi0/not_cocktail_of_the_week_71_revolver_the_other/
Mixer,Bitters [Orange],Rum Manhattan,http://www.reddit.com/r/cocktails/comments/27wec2/not_cocktail_of_the_week_75_bumbo_rum_manhattan/
Mixer,Bitters [Orange],Bijou,http://www.reddit.com/r/cocktails/comments/2ypbjw/not_cocktail_of_the_week_109_bijou/
Mixer,Bitters [Orange],Chrysanthemum,http://www.reddit.com/r/cocktails/comments/309ww9/not_cocktail_of_the_week_110_chrysanthemum/
Mixer,Bitters [Peychaud's],Vieux Carre,http://www.reddit.com/r/cocktails/comments/1a8cs5/not_cocktail_of_the_week_10_vieux_carre/
Mixer,Bitters [Peychaud's],Improved Whiskey Cocktail,http://www.reddit.com/r/cocktails/comments/1hkxy5/not_cocktail_of_the_week_26_improved_whiskey/
Mixer,Bitters [Peychaud's],Rattlesnake,http://www.reddit.com/r/cocktails/comments/1ktllm/not_cocktail_of_the_week_33_rattlesnake/
Mixer,Bitters [Peychaud's],Sazerac,http://www.reddit.com/r/cocktails/comments/1zk37d/not_cocktail_of_the_week_61_special_mardi_gras/
Mixer,Bitters [Peychaud's],Mint Julep,http://www.reddit.com/r/cocktails/comments/24d68i/not_cocktail_of_the_week_69_mint_julep/
Mixer,Bitters [Peychaud's],Rob Roy,http://www.reddit.com/r/cocktails/comments/2owdug/not_cocktail_of_the_week_101_rob_roy/
Mixer,Bitters [Peychaud's],Cocktail a la Lousiane,http://www.reddit.com/r/cocktails/comments/2tzik7/not_cocktail_of_the_week_106_cocktail_a_la/
Mixer,Bitters [Peychaud's],Latin Quarter,http://www.reddit.com/r/cocktails/comments/2vkgdm/not_cocktail_of_the_week_107_latin_quarter/
Mixer,Bitters [Peychaud's],Tiki Edition - Queen's Park Swizzle,http://www.reddit.com/r/cocktails/comments/2fdo9o/not_cocktail_of_the_week_87_tiki_edition_queens/
Mixer,Bitters [Peychaud's],Little Miss Annabelle,https://www.reddit.com/r/cocktails/comments/3ql2r3/not_cocktail_of_the_week_121_little_miss_annabelle/
Mixer,Bitters [Selner],Sazerac,http://www.reddit.com/r/cocktails/comments/1zk37d/not_cocktail_of_the_week_61_special_mardi_gras/
Mixer,Bitters [Whiskey Barrel],Armistice,http://www.reddit.com/r/cocktails/comments/1m6xn2/not_cocktail_of_the_week_36_armistice/
Spirit,Brandy [Apricot],Claridge,http://www.reddit.com/r/cocktails/comments/1fqiys/not_cocktail_of_the_week_22_claridge/
Spirit,Brandy [Apricot],Zombie,http://www.reddit.com/r/cocktails/comments/1o2ybi/not_cocktail_of_the_week_40_the_zombie/
Spirit,Brandy [Apricot],Tiki Edition - Hotel Nacional Special,http://www.reddit.com/r/cocktails/comments/2dgqc3/not_cocktail_of_the_week_84_tiki_edition_hotel/
Spirit,Brandy [Apricot],Charlie Chaplin,http://www.reddit.com/r/cocktails/comments/2iolvl/not_cocktail_of_the_week_92_charlie_chaplin/
Spirit,Brandy [Cherry],Blood and Sand,http://www.reddit.com/r/cocktails/comments/1yds2e/not_cocktail_of_the_week_59_blood_and_sand/
Spirit,Brandy [Cherry],Singapore Sling,http://www.reddit.com/r/cocktails/comments/24z689/not_cocktail_of_the_week_70_singapore_sling/
Spirit,Brandy [Cognac],Montgomery Smith,http://www.reddit.com/r/cocktails/comments/17kqvh/not_cocktail_of_the_week_4_montgomery_smith/
Spirit,Brandy [Cognac],Sidecar,http://www.reddit.com/r/cocktails/comments/19cmfw/not_cocktail_of_the_week_8_sidecar/
Spirit,Brandy [Cognac],Vieux Carre,http://www.reddit.com/r/cocktails/comments/1a8cs5/not_cocktail_of_the_week_10_vieux_carre/
Spirit,Brandy [Cognac],Corpse Reviver No. 1,http://www.reddit.com/r/cocktails/comments/1lqice/not_cocktail_of_the_week_35_corpse_reviver_no_1/
Spirit,Brandy [Cognac],Japanese,http://www.reddit.com/r/cocktails/comments/1mnoih/not_cocktail_of_the_week_37_japanese/
Spirit,Brandy [Cognac],Delmonico,http://www.reddit.com/r/cocktails/comments/1p2gfl/not_cocktail_of_the_week_42_delmonico/
Spirit,Brandy [Cognac],Twelve Mile Limit,http://www.reddit.com/r/cocktails/comments/1s3ub4/not_cocktail_of_the_week_48_twelve_mile_limit/
Spirit,Brandy [Cognac],Eggnog,http://www.reddit.com/r/cocktails/comments/1sovyg/not_cocktail_of_the_week_49_eggnog/
Spirit,Brandy [Cognac],Hot Milk Punch,http://www.reddit.com/r/cocktails/comments/1t79tt/not_cocktail_of_the_week_50_hot_milk_punch/
Spirit,Brandy [Cognac],Old-Fashioned,http://www.reddit.com/r/cocktails/comments/1u7nb3/not_cocktail_of_the_week_52_oldfashioned/
Spirit,Brandy [Cognac],Astor Hotel Special,http://www.reddit.com/r/cocktails/comments/1uqnsq/not_cocktail_of_the_week_53_astor_hotel_special/
Spirit,Brandy [Cognac],Between the Sheets,http://www.reddit.com/r/cocktails/comments/1xqbox/not_cocktail_of_the_week_58_between_the_sheets/
Spirit,Brandy [Cognac],Sazerac,http://www.reddit.com/r/cocktails/comments/1zk37d/not_cocktail_of_the_week_61_special_mardi_gras/
Spirit,Brandy [Cognac],Champs Elysees,http://www.reddit.com/r/cocktails/comments/209moq/not_cocktail_of_the_week_62_champs_elysees/
Spirit,Brandy [Cognac],Deauville,http://www.reddit.com/r/cocktails/comments/22mgqx/not_cocktail_of_the_week_66_deauville/
Spirit,Brandy [Cognac],Hoop La!,http://www.reddit.com/r/cocktails/comments/2930tk/not_cocktail_of_the_week_77_hoop_la/
Spirit,Brandy [Cognac],Harvard,http://www.reddit.com/r/cocktails/comments/2msxfz/not_cocktail_of_the_week_98_harvard/
Spirit,Brandy [Cognac],Admiral Russel's Punch,http://www.reddit.com/r/cocktails/comments/2plv0k/not_cocktail_of_the_week_102_admiral_russells/
Spirit,Brandy [Cognac],Cocktail a la Lousiane,http://www.reddit.com/r/cocktails/comments/2tzik7/not_cocktail_of_the_week_106_cocktail_a_la/
Spirit,Brandy [Cognac],Admiral Russell's Punch,http://www.reddit.com/r/cocktails/comments/2plv0k/not_cocktail_of_the_week_102_admiral_russells/
Spirit,Brandy [Cognac],Hot Toddy,http://www.reddit.com/r/cocktails/comments/2qb14e/not_cocktail_of_the_week_103_hot_toddy/
Spirit,Brandy [Cognac],Conference,http://www.reddit.com/r/cocktails/comments/35usdg/not_cocktail_of_the_week_114_conference/
Spirit,Brandy [Cognac],Little Miss Annabelle,https://www.reddit.com/r/cocktails/comments/3ql2r3/not_cocktail_of_the_week_121_little_miss_annabelle/
Spirit,Calvados,Jack Rose,http://www.reddit.com/r/cocktails/comments/1bnysd/not_cocktail_of_the_week_13_jack_rose/
Spirit,Calvados,Corpse Reviver No. 1,http://www.reddit.com/r/cocktails/comments/1lqice/not_cocktail_of_the_week_35_corpse_reviver_no_1/
Spirit,Calvados,Diamondback,http://www.reddit.com/r/cocktails/comments/1pk1iv/not_cocktail_of_the_week_43_diamondback/
Spirit,Calvados,Harvest Moon,http://www.reddit.com/r/cocktails/comments/1qkkly/not_cocktail_of_the_week_45_harvest_moon/
Spirit,Calvados,Widow's Kiss,http://www.reddit.com/r/cocktails/comments/1toslc/not_cocktail_of_the_week_51_widows_kiss/
Spirit,Calvados,Deauville,http://www.reddit.com/r/cocktails/comments/22mgqx/not_cocktail_of_the_week_66_deauville/
Spirit,Calvados,Jake Barnes,http://www.reddit.com/r/cocktails/comments/23self/not_cocktail_of_the_week_68_jake_barnes/
Spirit,Calvados,Savoy Tango,http://www.reddit.com/r/cocktails/comments/2k0ksp/not_cocktail_of_the_week_94_savoy_tango/
Spirit,Calvados,Royal Smile,http://www.reddit.com/r/cocktails/comments/2kphq0/not_cocktail_of_the_week_95_royal_smile/
Spirit,Calvados,Conference,http://www.reddit.com/r/cocktails/comments/35usdg/not_cocktail_of_the_week_114_conference/
Mixer,Campari,Boulevardier,http://www.reddit.com/r/cocktails/comments/180rvd/not_cocktail_of_the_week_5_boulevardier/
Mixer,Campari,Negroni,http://www.reddit.com/r/cocktails/comments/1aoe1c/not_cocktail_of_the_week_11_negroni/
Mixer,Campari,Bitter End,http://www.reddit.com/r/cocktails/comments/1g7jcl/not_cocktail_of_the_week_23_bitter_end/
Mixer,Campari,Lucien Gaudin,http://www.reddit.com/r/cocktails/comments/1n46x1/not_cocktail_of_the_week_38_lucien_gaudin/
Mixer,Campari,Apertif,http://www.reddit.com/r/cocktails/comments/1z1048/not_cocktail_of_the_week_60_aperitif/
Mixer,Campari,Tiki Edition - Jungle Bird,http://www.reddit.com/r/cocktails/comments/2e3p09/not_cocktail_of_the_week_85_tiki_edition_jungle/
Mixer,Campari,Paper Plane,http://www.reddit.com/r/cocktails/comments/2x6iww/ncotw_108_paper_plane/
Mixer,Campari,Vintage Negroni,http://www.reddit.com/r/cocktails/comments/2qy53c/not_cocktail_of_the_week_104_vintage_manhattan/
Mixer,Campari,The Other Left,http://www.reddit.com/r/cocktails/comments/25kdi0/not_cocktail_of_the_week_71_revolver_the_other/
Mixer,Campari,Kingston Negroni,https://www.reddit.com/r/cocktails/comments/38e4cc/not_cocktail_of_the_week_116_kingston_negroni/
Mixer,Campari,Golden Beautiful,https://www.reddit.com/r/cocktails/comments/3hrfsx/not_cocktail_of_the_week_119_the_golden_beautiful/
Mixer,Chartreuse [Green],Final Ward,http://www.reddit.com/r/cocktails/comments/1d3j41/not_cocktail_of_the_week_16_final_ward/
Mixer,Chartreuse [Green],Armistice,http://www.reddit.com/r/cocktails/comments/1m6xn2/not_cocktail_of_the_week_36_armistice/
Mixer,Chartreuse [Green],Diamondback,http://www.reddit.com/r/cocktails/comments/1pk1iv/not_cocktail_of_the_week_43_diamondback/
Mixer,Chartreuse [Green],Harvest Moon,http://www.reddit.com/r/cocktails/comments/1qkkly/not_cocktail_of_the_week_45_harvest_moon/
Mixer,Chartreuse [Green],Champs Elysees,http://www.reddit.com/r/cocktails/comments/209moq/not_cocktail_of_the_week_62_champs_elysees/
Mixer,Chartreuse [Green],Chartreuse Swizzle,http://www.reddit.com/r/cocktails/comments/27bg7z/not_cocktail_of_the_week_74_chartreuse_swizzle/
Mixer,Chartreuse [Green],Cloister,http://www.reddit.com/r/cocktails/comments/2c5dro/not_cocktail_of_the_week_82_the_cloister/
Mixer,Chartreuse [Green],Industry Sour,http://www.reddit.com/r/cocktails/comments/2gony4/not_cocktail_of_the_week_89_industry_sour/
Mixer,Chartreuse [Green],Bijou,http://www.reddit.com/r/cocktails/comments/2ypbjw/not_cocktail_of_the_week_109_bijou/
Mixer,Chartreuse [Yellow],Greenpoint,http://www.reddit.com/r/cocktails/comments/19s7lz/not_cocktail_of_the_week_9_greenpoint/
Mixer,Chartreuse [Yellow],Diamondback,http://www.reddit.com/r/cocktails/comments/1pk1iv/not_cocktail_of_the_week_43_diamondback/
Mixer,Chartreuse [Yellow],Widow's Kiss,http://www.reddit.com/r/cocktails/comments/1toslc/not_cocktail_of_the_week_51_widows_kiss/
Mixer,Chartreuse [Yellow],Alaska,http://www.reddit.com/r/cocktails/comments/1vb2os/not_cocktail_of_the_week_54_alaska/
Mixer,Chartreuse [Yellow],Cloister,http://www.reddit.com/r/cocktails/comments/2c5dro/not_cocktail_of_the_week_82_the_cloister/
Mixer,Chartreuse [Yellow],Muddled Mission,http://www.reddit.com/r/cocktails/comments/34b35t/not_cocktail_of_the_week_113_muddled_mission/
Mixer,Cherry Heering,Blood and Sand,http://www.reddit.com/r/cocktails/comments/1yds2e/not_cocktail_of_the_week_59_blood_and_sand/
Mixer,Cherry Heering,Remember the Maine,http://www.reddit.com/r/cocktails/comments/20u5cf/not_cocktail_of_the_week_63_remember_the_maine/
Mixer,Cherry Heering,Singapore Sling,http://www.reddit.com/r/cocktails/comments/24z689/not_cocktail_of_the_week_70_singapore_sling/
Mixer,China China,Brooklyn,http://www.reddit.com/r/cocktails/comments/2ni3ba/not_cocktail_of_the_week_99_the_brooklyn/
Mixer,Coffee Liqueur,Revolver,http://www.reddit.com/r/cocktails/comments/25kdi0/not_cocktail_of_the_week_71_revolver_the_other/
Mixer,Coffee Liqueur,The Other Left,http://www.reddit.com/r/cocktails/comments/25kdi0/not_cocktail_of_the_week_71_revolver_the_other/
Mixer,Cointreau,Corpse Reviver No. 2,http://www.reddit.com/r/cocktails/comments/17555c/not_cocktail_of_the_week_3_corpse_reviver_2/
Mixer,Cointreau,Sidecar,http://www.reddit.com/r/cocktails/comments/19cmfw/not_cocktail_of_the_week_8_sidecar/
Mixer,Cointreau,Pegu Club,http://www.reddit.com/r/cocktails/comments/1c3psn/not_cocktail_of_the_week_14_pegu_club/
Mixer,Cointreau,White Lady,http://www.reddit.com/r/cocktails/comments/1etvbw/not_cocktail_of_the_week_20_the_white_lady_
Mixer,Cointreau,Claridge,http://www.reddit.com/r/cocktails/comments/1fqiys/not_cocktail_of_the_week_22_claridge/
Mixer,Cointreau,Mai Tai,http://www.reddit.com/r/cocktails/comments/1ii3l5/not_cocktail_of_the_week_28_mai_tai/
Mixer,Cointreau,Lucien Gaudin,http://www.reddit.com/r/cocktails/comments/1n46x1/not_cocktail_of_the_week_38_lucien_gaudin/
Mixer,Cointreau,Between the Sheets,http://www.reddit.com/r/cocktails/comments/1xqbox/not_cocktail_of_the_week_58_between_the_sheets/
Mixer,Cointreau,Deauville,http://www.reddit.com/r/cocktails/comments/22mgqx/not_cocktail_of_the_week_66_deauville/
Mixer,Cointreau,Singapore Sling,http://www.reddit.com/r/cocktails/comments/24z689/not_cocktail_of_the_week_70_singapore_sling/
Mixer,Cointreau,Hoop La!,http://www.reddit.com/r/cocktails/comments/2930tk/not_cocktail_of_the_week_77_hoop_la/
Mixer,Cointreau,Tiki Edition - Royal Bermuda Yacht Club,http://www.reddit.com/r/cocktails/comments/2ergog/not_cocktail_of_the_week_86_tiki_edition_royal/
Mixer,Cointreau,Water Lily,https://www.reddit.com/r/cocktails/comments/3brydi/not_cocktail_of_the_week_117_water_lily/
Mixer,Creme de Cacao,20th Century,http://www.reddit.com/r/cocktails/comments/2377jm/not_cocktail_of_the_week_67_the_20th_century/
Mixer,Creme de Violette,Water Lily,https://www.reddit.com/r/cocktails/comments/3brydi/not_cocktail_of_the_week_117_water_lily/
Mixer,Cucumber,Pimm's Cup,http://www.reddit.com/r/cocktails/comments/1di1m4/not_cocktail_of_the_week_17_pimms_cup/
Mixer,Curacao,The Manhattan,http://www.reddit.com/r/cocktails/comments/16pciv/not_cocktail_of_the_week_2_the_manhattan/
Mixer,Curacao,Corpse Reviver No. 2,http://www.reddit.com/r/cocktails/comments/17555c/not_cocktail_of_the_week_3_corpse_reviver_2/
Mixer,Curacao,Pegu Club,http://www.reddit.com/r/cocktails/comments/1c3psn/not_cocktail_of_the_week_14_pegu_club/
Mixer,Curacao,Martinez,http://www.reddit.com/r/cocktails/comments/1ck6v2/not_cocktail_of_the_week_15_martinez/
Mixer,Curacao,Mai Tai,http://www.reddit.com/r/cocktails/comments/1ii3l5/not_cocktail_of_the_week_28_mai_tai/
Mixer,Curacao,Zombie,http://www.reddit.com/r/cocktails/comments/1o2ybi/not_cocktail_of_the_week_40_the_zombie/
Mixer,Curacao,Bronco Buster,http://www.reddit.com/r/cocktails/comments/1x4l11/not_cocktail_of_the_week_57_bronco_buster/
Mixer,Curacao,Tiki Edition - Navy Grog,http://www.reddit.com/r/cocktails/comments/2g11qr/not_cocktail_of_the_week_88_tiki_edition_navy_grog/
Mixer,Egg [White],Ramos Gin Fizz,http://www.reddit.com/r/cocktails/comments/18c2wl/not_cocktail_of_the_week_6_special_mardi_gras/
Mixer,Egg [White],White Lady,http://www.reddit.com/r/cocktails/comments/1etvbw/not_cocktail_of_the_week_20_the_white_lady_
Mixer,Egg [White],Clover Club,http://www.reddit.com/r/cocktails/comments/1go8m1/not_cocktail_of_the_week_24_clover_club/
Mixer,Egg [White],Angostura Sour,http://www.reddit.com/r/cocktails/comments/1h41yg/not_cocktail_of_the_week_25_angostura_sour/
Mixer,Egg [White],Rattlesnake,http://www.reddit.com/r/cocktails/comments/1ktllm/not_cocktail_of_the_week_33_rattlesnake/
Mixer,Egg [White],Astor Hotel Special,http://www.reddit.com/r/cocktails/comments/1uqnsq/not_cocktail_of_the_week_53_astor_hotel_special/
Mixer,Egg [White],Amaretto Sour,http://www.reddit.com/r/cocktails/comments/1vvuw7/not_cocktail_of_the_week_55_amaretto_sour/
Mixer,Egg [White],Brass Rail,http://www.reddit.com/r/cocktails/comments/21g5zr/not_cocktail_of_the_week_64_brass_rail/
Mixer,Egg [White],Sloe Gin Fizz,http://www.reddit.com/r/cocktails/comments/2hcybr/not_cocktail_of_the_week_90_sloe_gin_fizz/
Mixer,Egg [White],Earl Grey MarTEAni & Mandala,http://www.reddit.com/r/cocktails/comments/2jbqnq/not_cocktail_of_the_week_93_the_earl_grey/
Mixer,Egg [White],Royal Smile,http://www.reddit.com/r/cocktails/comments/2kphq0/not_cocktail_of_the_week_95_royal_smile/
Mixer,Egg [Whole],Eggnog,http://www.reddit.com/r/cocktails/comments/1sovyg/not_cocktail_of_the_week_49_eggnog/
Mixer,Fernet Branca,Montgomery Smith,http://www.reddit.com/r/cocktails/comments/17kqvh/not_cocktail_of_the_week_4_montgomery_smith/
Mixer,Fernet Branca,Toronto,http://www.reddit.com/r/cocktails/comments/2le79y/not_cocktail_of_the_week_96_toronto_fernet_branca/
Mixer,Fleur d'Orange,Ramos Gin Fizz,http://www.reddit.com/r/cocktails/comments/18c2wl/not_cocktail_of_the_week_6_special_mardi_gras/
Spirit,Gin,Corpse Reviver No. 2,http://www.reddit.com/r/cocktails/comments/17555c/not_cocktail_of_the_week_3_corpse_reviver_2/
Spirit,Gin,Ramos Gin Fizz,http://www.reddit.com/r/cocktails/comments/18c2wl/not_cocktail_of_the_week_6_special_mardi_gras/
Spirit,Gin,Negroni,http://www.reddit.com/r/cocktails/comments/1aoe1c/not_cocktail_of_the_week_11_negroni/
Spirit,Gin,Pamplemousse,http://www.reddit.com/r/cocktails/comments/1b4trm/not_cocktail_of_the_week_12_pamplemousse/
Spirit,Gin,Pegu Club,http://www.reddit.com/r/cocktails/comments/1c3psn/not_cocktail_of_the_week_14_pegu_club/
Spirit,Gin,Martinez,http://www.reddit.com/r/cocktails/comments/1ck6v2/not_cocktail_of_the_week_15_martinez/
Spirit,Gin,Pimm's Cup,http://www.reddit.com/r/cocktails/comments/1di1m4/not_cocktail_of_the_week_17_pimms_cup/
Spirit,Gin,Intro to Aperol,http://www.reddit.com/r/cocktails/comments/1eegsr/not_cocktail_of_the_week_19_intro_to_aperol/
Spirit,Gin,White Lady,http://www.reddit.com/r/cocktails/comments/1etvbw/not_cocktail_of_the_week_20_the_white_lady_
Spirit,Gin,Claridge,http://www.reddit.com/r/cocktails/comments/1fqiys/not_cocktail_of_the_week_22_claridge/
Spirit,Gin,Clover Club,http://www.reddit.com/r/cocktails/comments/1go8m1/not_cocktail_of_the_week_24_clover_club/
Spirit,Gin,Southside and Southern Exposure,http://www.reddit.com/r/cocktails/comments/1jfrqi/not_cocktail_of_the_week_30_southside_and/
Spirit,Gin,Bee's Knees,http://www.reddit.com/r/cocktails/comments/1kd90i/not_cocktail_of_the_week_32_bees_knees/
Spirit,Gin,Lucien Gaudin,http://www.reddit.com/r/cocktails/comments/1n46x1/not_cocktail_of_the_week_38_lucien_gaudin/
Spirit,Gin,Delmonico,http://www.reddit.com/r/cocktails/comments/1p2gfl/not_cocktail_of_the_week_42_delmonico/
Spirit,Gin,Alaska,http://www.reddit.com/r/cocktails/comments/1vb2os/not_cocktail_of_the_week_54_alaska/
Spirit,Gin,Between the Sheets,http://www.reddit.com/r/cocktails/comments/1xqbox/not_cocktail_of_the_week_58_between_the_sheets/
Spirit,Gin,Bronx & Income Tax,http://www.reddit.com/r/cocktails/comments/221kjr/not_cocktail_of_the_week_65_bronx_income_tax/
Spirit,Gin,20th Century,http://www.reddit.com/r/cocktails/comments/2377jm/not_cocktail_of_the_week_67_the_20th_century/
Spirit,Gin,Singapore Sling,http://www.reddit.com/r/cocktails/comments/24z689/not_cocktail_of_the_week_70_singapore_sling/
Spirit,Gin,Martini,http://www.reddit.com/r/cocktails/comments/26p35e/not_cocktail_of_the_week_73_dry_martini/
Spirit,Gin,Gimlet,http://www.reddit.com/r/cocktails/comments/28i1dn/not_cocktail_of_the_week_76_gimlet/
Spirit,Gin,Cloister,http://www.reddit.com/r/cocktails/comments/2c5dro/not_cocktail_of_the_week_82_the_cloister/
Spirit,Gin,Earl Grey MarTEAni & Mandala,http://www.reddit.com/r/cocktails/comments/2jbqnq/not_cocktail_of_the_week_93_the_earl_grey/
Spirit,Gin,Royal Smile,http://www.reddit.com/r/cocktails/comments/2kphq0/not_cocktail_of_the_week_95_royal_smile/
Spirit,Gin,Rickey,http://www.reddit.com/r/cocktails/comments/31w63l/not_cocktail_of_the_week_111_the_rickey/
Spirit,Gin,Muddled Mission,http://www.reddit.com/r/cocktails/comments/34b35t/not_cocktail_of_the_week_113_muddled_mission/
Spirit,Gin,Saturn,https://www.reddit.com/r/cocktails/comments/3nha24/not_cocktail_of_the_week_120_saturn/
Spirit,Gin [Dry],Vintage Negroni,http://www.reddit.com/r/cocktails/comments/2qy53c/not_cocktail_of_the_week_104_vintage_manhattan/
Spirit,Gin [Genever],Shaddock,http://www.reddit.com/r/cocktails/comments/1jwh9f/not_cocktail_of_the_week_31_shaddock/
Spirit,Gin [Old Tom],Ramos Gin Fizz,http://www.reddit.com/r/cocktails/comments/18c2wl/not_cocktail_of_the_week_6_special_mardi_gras/
Spirit,Gin [Old Tom],Martinez,http://www.reddit.com/r/cocktails/comments/1ck6v2/not_cocktail_of_the_week_15_martinez/
Spirit,Gin [Old Tom],Martini,http://www.reddit.com/r/cocktails/comments/26p35e/not_cocktail_of_the_week_73_dry_martini/
Spirit,Gin [Plymouth],Negroni,http://www.reddit.com/r/cocktails/comments/1aoe1c/not_cocktail_of_the_week_11_negroni/
Spirit,Gin [Plymouth],Bronx & Income Tax,http://www.reddit.com/r/cocktails/comments/221kjr/not_cocktail_of_the_week_65_bronx_income_tax/
Spirit,Gin [Plymouth],20th Century,http://www.reddit.com/r/cocktails/comments/2377jm/not_cocktail_of_the_week_67_the_20th_century/
Spirit,Gin [Plymouth],Singapore Sling,http://www.reddit.com/r/cocktails/comments/24z689/not_cocktail_of_the_week_70_singapore_sling/
Spirit,Gin [Plymouth],Gimlet,http://www.reddit.com/r/cocktails/comments/28i1dn/not_cocktail_of_the_week_76_gimlet/
Spirit,Gin [Plymouth],Melon Stand,http://www.reddit.com/r/cocktails/comments/29o98j/not_cocktail_of_the_week_78_melon_stand/
Spirit,Gin [Plymouth],Cloister,http://www.reddit.com/r/cocktails/comments/2c5dro/not_cocktail_of_the_week_82_the_cloister/
Spirit,Gin [Plymouth],Sloe Gin Fizz,http://www.reddit.com/r/cocktails/comments/2hcybr/not_cocktail_of_the_week_90_sloe_gin_fizz/
Spirit,Gin [Plymouth],Bijou,http://www.reddit.com/r/cocktails/comments/2ypbjw/not_cocktail_of_the_week_109_bijou/
Spirit,Gin [Plymouth],Water Lily,https://www.reddit.com/r/cocktails/comments/3brydi/not_cocktail_of_the_week_117_water_lily/
Spirit,Gin [Sloe],Sloe Gin Fizz,http://www.reddit.com/r/cocktails/comments/2hcybr/not_cocktail_of_the_week_90_sloe_gin_fizz/
Spirit,Gin [Sloe],Charlie Chaplin,http://www.reddit.com/r/cocktails/comments/2iolvl/not_cocktail_of_the_week_92_charlie_chaplin/
Spirit,Gin [Sloe],Savoy Tango,http://www.reddit.com/r/cocktails/comments/2k0ksp/not_cocktail_of_the_week_94_savoy_tango/
Mixer,Ginger Ale,Pimm's Cup,http://www.reddit.com/r/cocktails/comments/1di1m4/not_cocktail_of_the_week_17_pimms_cup/
Mixer,Ginger Ale,Singapore Sling,http://www.reddit.com/r/cocktails/comments/24z689/not_cocktail_of_the_week_70_singapore_sling/
Mixer,Ginger Beer,Dark and Stormy,http://www.reddit.com/r/cocktails/comments/1dy57g/not_cocktail_of_the_week_18_dark_n_stormy/
Mixer,Herbsaint,Rattlesnake,http://www.reddit.com/r/cocktails/comments/1ktllm/not_cocktail_of_the_week_33_rattlesnake/
Mixer,Herbsaint,Sazerac,http://www.reddit.com/r/cocktails/comments/1zk37d/not_cocktail_of_the_week_61_special_mardi_gras/
Mixer,Honey,Mai Tai,http://www.reddit.com/r/cocktails/comments/1ii3l5/not_cocktail_of_the_week_28_mai_tai/
Mixer,Honey,Bee's Knees,http://www.reddit.com/r/cocktails/comments/1kd90i/not_cocktail_of_the_week_32_bees_knees/
Mixer,Honey,Rattlesnake,http://www.reddit.com/r/cocktails/comments/1ktllm/not_cocktail_of_the_week_33_rattlesnake/
Mixer,Honey,Penicillin,http://www.reddit.com/r/cocktails/comments/1ola4b/not_cocktail_of_the_week_41_penicillin/
Mixer,Honey,Brown Derby,http://www.reddit.com/r/cocktails/comments/2a9ow3/not_cocktail_of_the_week_79_brown_derby/
Mixer,Honey,Tiki Edition - Three Dots & A Dash,http://www.reddit.com/r/cocktails/comments/2ct529/not_cocktail_of_the_week_83_tiki_edition_three/
Mixer,Honey,Tiki Edition - Navy Grog,http://www.reddit.com/r/cocktails/comments/2g11qr/not_cocktail_of_the_week_88_tiki_edition_navy_grog/
Mixer,IPA,Bitter End,http://www.reddit.com/r/cocktails/comments/1g7jcl/not_cocktail_of_the_week_23_bitter_end/
Mixer,Juice [Apple Cider],Flannel Shirt,http://www.reddit.com/r/cocktails/comments/2m3rsx/not_cocktail_of_the_week_97_flannel_shirt/
Mixer,Juice [Grapefruit],Pamplemousse,http://www.reddit.com/r/cocktails/comments/1b4trm/not_cocktail_of_the_week_12_pamplemousse/
Mixer,Juice [Grapefruit],Zombie,http://www.reddit.com/r/cocktails/comments/1o2ybi/not_cocktail_of_the_week_40_the_zombie/
Mixer,Juice [Grapefruit],Brown Derby,http://www.reddit.com/r/cocktails/comments/2a9ow3/not_cocktail_of_the_week_79_brown_derby/
Mixer,Juice [Grapefruit],Cloister,http://www.reddit.com/r/cocktails/comments/2c5dro/not_cocktail_of_the_week_82_the_cloister/
Mixer,Juice [Grapefruit],Tiki Edition - Navy Grog,http://www.reddit.com/r/cocktails/comments/2g11qr/not_cocktail_of_the_week_88_tiki_edition_navy_grog/
Mixer,Juice [Lemon],Corpse Reviver No. 2,http://www.reddit.com/r/cocktails/comments/17555c/not_cocktail_of_the_week_3_corpse_reviver_2/
Mixer,Juice [Lemon],Ramos Gin Fizz,http://www.reddit.com/r/cocktails/comments/18c2wl/not_cocktail_of_the_week_6_special_mardi_gras/
Mixer,Juice [Lemon],Ramos Gin Fizz,http://www.reddit.com/r/cocktails/comments/18c2wl/not_cocktail_of_the_week_6_special_mardi_gras/
Mixer,Juice [Lemon],Sidecar,http://www.reddit.com/r/cocktails/comments/19cmfw/not_cocktail_of_the_week_8_sidecar/
Mixer,Juice [Lemon],Pamplemousse,http://www.reddit.com/r/cocktails/comments/1b4trm/not_cocktail_of_the_week_12_pamplemousse/
Mixer,Juice [Lemon],Jack Rose,http://www.reddit.com/r/cocktails/comments/1bnysd/not_cocktail_of_the_week_13_jack_rose/
Mixer,Juice [Lemon],Final Ward,http://www.reddit.com/r/cocktails/comments/1d3j41/not_cocktail_of_the_week_16_final_ward/
Mixer,Juice [Lemon],Pimm's Cup,http://www.reddit.com/r/cocktails/comments/1di1m4/not_cocktail_of_the_week_17_pimms_cup/
Mixer,Juice [Lemon],Intro to Aperol,http://www.reddit.com/r/cocktails/comments/1eegsr/not_cocktail_of_the_week_19_intro_to_aperol/
Mixer,Juice [Lemon],White Lady,http://www.reddit.com/r/cocktails/comments/1etvbw/not_cocktail_of_the_week_20_the_white_lady_
Mixer,Juice [Lemon],Clover Club,http://www.reddit.com/r/cocktails/comments/1go8m1/not_cocktail_of_the_week_24_clover_club/
Mixer,Juice [Lemon],Southside and Southern Exposure,http://www.reddit.com/r/cocktails/comments/1jfrqi/not_cocktail_of_the_week_30_southside_and/
Mixer,Juice [Lemon],Shaddock,http://www.reddit.com/r/cocktails/comments/1jwh9f/not_cocktail_of_the_week_31_shaddock/
Mixer,Juice [Lemon],Bee's Knees,http://www.reddit.com/r/cocktails/comments/1kd90i/not_cocktail_of_the_week_32_bees_knees/
Mixer,Juice [Lemon],Rattlesnake,http://www.reddit.com/r/cocktails/comments/1ktllm/not_cocktail_of_the_week_33_rattlesnake/
Mixer,Juice [Lemon],Cameron's Kick,http://www.reddit.com/r/cocktails/comments/1la682/not_cocktail_of_the_week_34_camerons_kick/
Mixer,Juice [Lemon],Sherry Cobbler,http://www.reddit.com/r/cocktails/comments/1nlqfe/not_cocktail_of_the_week_39_sherry_cobbler/
Mixer,Juice [Lemon],Zombie,http://www.reddit.com/r/cocktails/comments/1o2ybi/not_cocktail_of_the_week_40_the_zombie/
Mixer,Juice [Lemon],Penicillin,http://www.reddit.com/r/cocktails/comments/1ola4b/not_cocktail_of_the_week_41_penicillin/
Mixer,Juice [Lemon],Scofflaw,http://www.reddit.com/r/cocktails/comments/1r389k/not_cocktail_of_the_week_46_scofflaw/
Mixer,Juice [Lemon],Twelve Mile Limit,http://www.reddit.com/r/cocktails/comments/1s3ub4/not_cocktail_of_the_week_48_twelve_mile_limit/
Mixer,Juice [Lemon],Astor Hotel Special,http://www.reddit.com/r/cocktails/comments/1uqnsq/not_cocktail_of_the_week_53_astor_hotel_special/
Mixer,Juice [Lemon],Amaretto Sour,http://www.reddit.com/r/cocktails/comments/1vvuw7/not_cocktail_of_the_week_55_amaretto_sour/
Mixer,Juice [Lemon],Ward Eight,http://www.reddit.com/r/cocktails/comments/1whtfg/not_cocktail_of_the_week_56_ward_eight/
Mixer,Juice [Lemon],Bronco Buster,http://www.reddit.com/r/cocktails/comments/1x4l11/not_cocktail_of_the_week_57_bronco_buster/
Mixer,Juice [Lemon],Between the Sheets,http://www.reddit.com/r/cocktails/comments/1xqbox/not_cocktail_of_the_week_58_between_the_sheets/
Mixer,Juice [Lemon],Champs Elysees,http://www.reddit.com/r/cocktails/comments/209moq/not_cocktail_of_the_week_62_champs_elysees/
Mixer,Juice [Lemon],Brass Rail,http://www.reddit.com/r/cocktails/comments/21g5zr/not_cocktail_of_the_week_64_brass_rail/
Mixer,Juice [Lemon],Deauville,http://www.reddit.com/r/cocktails/comments/22mgqx/not_cocktail_of_the_week_66_deauville/
Mixer,Juice [Lemon],20th Century,http://www.reddit.com/r/cocktails/comments/2377jm/not_cocktail_of_the_week_67_the_20th_century/
Mixer,Juice [Lemon],Jake Barnes,http://www.reddit.com/r/cocktails/comments/23self/not_cocktail_of_the_week_68_jake_barnes/
Mixer,Juice [Lemon],Singapore Sling,http://www.reddit.com/r/cocktails/comments/24z689/not_cocktail_of_the_week_70_singapore_sling/
Mixer,Juice [Lemon],Gimlet,http://www.reddit.com/r/cocktails/comments/28i1dn/not_cocktail_of_the_week_76_gimlet/
Mixer,Juice [Lemon],Hoop La!,http://www.reddit.com/r/cocktails/comments/2930tk/not_cocktail_of_the_week_77_hoop_la/
Mixer,Juice [Lemon],Melon Stand,http://www.reddit.com/r/cocktails/comments/29o98j/not_cocktail_of_the_week_78_melon_stand/
Mixer,Juice [Lemon],Cloister,http://www.reddit.com/r/cocktails/comments/2c5dro/not_cocktail_of_the_week_82_the_cloister/
Mixer,Juice [Lemon],Sloe Gin Fizz,http://www.reddit.com/r/cocktails/comments/2hcybr/not_cocktail_of_the_week_90_sloe_gin_fizz/
Mixer,Juice [Lemon],Earl Grey MarTEAni & Mandala,http://www.reddit.com/r/cocktails/comments/2jbqnq/not_cocktail_of_the_week_93_the_earl_grey/
Mixer,Juice [Lemon],Royal Smile,http://www.reddit.com/r/cocktails/comments/2kphq0/not_cocktail_of_the_week_95_royal_smile/
Mixer,Juice [Lemon],Flannel Shirt,http://www.reddit.com/r/cocktails/comments/2m3rsx/not_cocktail_of_the_week_97_flannel_shirt/
Mixer,Juice [Lemon],Admiral Russel's Punch,http://www.reddit.com/r/cocktails/comments/2plv0k/not_cocktail_of_the_week_102_admiral_russells/
Mixer,Juice [Lemon],Admiral Russell's Punch,http://www.reddit.com/r/cocktails/comments/2plv0k/not_cocktail_of_the_week_102_admiral_russells/
Mixer,Juice [Lemon],Paper Plane,http://www.reddit.com/r/cocktails/comments/2x6iww/ncotw_108_paper_plane/
Mixer,Juice [Lemon],Muddled Mission,http://www.reddit.com/r/cocktails/comments/34b35t/not_cocktail_of_the_week_113_muddled_mission/
Mixer,Juice [Lemon],Water Lily,https://www.reddit.com/r/cocktails/comments/3brydi/not_cocktail_of_the_week_117_water_lily/
Mixer,Juice [Lemon],Saturn,https://www.reddit.com/r/cocktails/comments/3nha24/not_cocktail_of_the_week_120_saturn/
Mixer,Juice [Lemon],Little Miss Annabelle,https://www.reddit.com/r/cocktails/comments/3ql2r3/not_cocktail_of_the_week_121_little_miss_annabelle/
Mixer,Juice [Lime],Ramos Gin Fizz,http://www.reddit.com/r/cocktails/comments/18c2wl/not_cocktail_of_the_week_6_special_mardi_gras/
Mixer,Juice [Lime],Lion's Tail,http://www.reddit.com/r/cocktails/comments/18z307/not_cocktail_of_the_week_7_lions_tail/
Mixer,Juice [Lime],Pegu Club,http://www.reddit.com/r/cocktails/comments/1c3psn/not_cocktail_of_the_week_14_pegu_club/
Mixer,Juice [Lime],Dark and Stormy,http://www.reddit.com/r/cocktails/comments/1dy57g/not_cocktail_of_the_week_18_dark_n_stormy/
Mixer,Juice [Lime],Angostura Sour,http://www.reddit.com/r/cocktails/comments/1h41yg/not_cocktail_of_the_week_25_angostura_sour/
Mixer,Juice [Lime],Daiquiri,http://www.reddit.com/r/cocktails/comments/1i0sbt/not_cocktail_of_the_week_27_daiquiri/
Mixer,Juice [Lime],Mai Tai,http://www.reddit.com/r/cocktails/comments/1ii3l5/not_cocktail_of_the_week_28_mai_tai/
Mixer,Juice [Lime],Southside and Southern Exposure,http://www.reddit.com/r/cocktails/comments/1jfrqi/not_cocktail_of_the_week_30_southside_and/
Mixer,Juice [Lime],Zombie,http://www.reddit.com/r/cocktails/comments/1o2ybi/not_cocktail_of_the_week_40_the_zombie/
Mixer,Juice [Lime],Singapore Sling,http://www.reddit.com/r/cocktails/comments/24z689/not_cocktail_of_the_week_70_singapore_sling/
Mixer,Juice [Lime],Chartreuse Swizzle,http://www.reddit.com/r/cocktails/comments/27bg7z/not_cocktail_of_the_week_74_chartreuse_swizzle/
Mixer,Juice [Lime],Gimlet,http://www.reddit.com/r/cocktails/comments/28i1dn/not_cocktail_of_the_week_76_gimlet/
Mixer,Juice [Lime],Mojito,http://www.reddit.com/r/cocktails/comments/2aw7zg/not_cocktail_of_the_week_80_mojito/
Mixer,Juice [Lime],Tiki Edition - Three Dots & A Dash,http://www.reddit.com/r/cocktails/comments/2ct529/not_cocktail_of_the_week_83_tiki_edition_three/
Mixer,Juice [Lime],Tiki Edition - Hotel Nacional Special,http://www.reddit.com/r/cocktails/comments/2dgqc3/not_cocktail_of_the_week_84_tiki_edition_hotel/
Mixer,Juice [Lime],Tiki Edition - Jungle Bird,http://www.reddit.com/r/cocktails/comments/2e3p09/not_cocktail_of_the_week_85_tiki_edition_jungle/
Mixer,Juice [Lime],Tiki Edition - Royal Bermuda Yacht Club,http://www.reddit.com/r/cocktails/comments/2ergog/not_cocktail_of_the_week_86_tiki_edition_royal/
Mixer,Juice [Lime],Tiki Edition - Navy Grog,http://www.reddit.com/r/cocktails/comments/2g11qr/not_cocktail_of_the_week_88_tiki_edition_navy_grog/
Mixer,Juice [Lime],Industry Sour,http://www.reddit.com/r/cocktails/comments/2gony4/not_cocktail_of_the_week_89_industry_sour/
Mixer,Juice [Lime],Sloe Gin Fizz,http://www.reddit.com/r/cocktails/comments/2hcybr/not_cocktail_of_the_week_90_sloe_gin_fizz/
Mixer,Juice [Lime],Charlie Chaplin,http://www.reddit.com/r/cocktails/comments/2iolvl/not_cocktail_of_the_week_92_charlie_chaplin/
Mixer,Juice [Lime],Admiral Russell's Punch,http://www.reddit.com/r/cocktails/comments/2plv0k/not_cocktail_of_the_week_102_admiral_russells/
Mixer,Juice [Lime],Tiki Edition - Queen's Park Swizzle,http://www.reddit.com/r/cocktails/comments/2fdo9o/not_cocktail_of_the_week_87_tiki_edition_queens/
Mixer,Juice [Lime],Tiki Edition - 151 Swizzle,http://www.reddit.com/r/cocktails/comments/2fdo9o/not_cocktail_of_the_week_87_tiki_edition_queens/
Mixer,Juice [Lime],Rickey,http://www.reddit.com/r/cocktails/comments/31w63l/not_cocktail_of_the_week_111_the_rickey/
Mixer,Juice [Lime],Pineapple Daiquiri,https://www.reddit.com/r/cocktails/comments/3elm43/not_cocktail_of_the_week_118_cakeday_double/
Mixer,Juice [Lime],Pineapple Express,https://www.reddit.com/r/cocktails/comments/3elm43/not_cocktail_of_the_week_118_cakeday_double/
Mixer,Juice [Lime],Golden Beautiful,https://www.reddit.com/r/cocktails/comments/3hrfsx/not_cocktail_of_the_week_119_the_golden_beautiful/
Mixer,Juice [Orange],Mai Tai,http://www.reddit.com/r/cocktails/comments/1ii3l5/not_cocktail_of_the_week_28_mai_tai/
Mixer,Juice [Orange],Bee's Knees,http://www.reddit.com/r/cocktails/comments/1kd90i/not_cocktail_of_the_week_32_bees_knees/
Mixer,Juice [Orange],Sherry Cobbler,http://www.reddit.com/r/cocktails/comments/1nlqfe/not_cocktail_of_the_week_39_sherry_cobbler/
Mixer,Juice [Orange],Zombie,http://www.reddit.com/r/cocktails/comments/1o2ybi/not_cocktail_of_the_week_40_the_zombie/
Mixer,Juice [Orange],Ward Eight,http://www.reddit.com/r/cocktails/comments/1whtfg/not_cocktail_of_the_week_56_ward_eight/
Mixer,Juice [Orange],Blood and Sand,http://www.reddit.com/r/cocktails/comments/1yds2e/not_cocktail_of_the_week_59_blood_and_sand/
Mixer,Juice [Orange],Bronx & Income Tax,http://www.reddit.com/r/cocktails/comments/221kjr/not_cocktail_of_the_week_65_bronx_income_tax/
Mixer,Juice [Orange],Tiki Edition - Three Dots & A Dash,http://www.reddit.com/r/cocktails/comments/2ct529/not_cocktail_of_the_week_83_tiki_edition_three/
Mixer,Juice [Orange],Tiki Edition - Navy Grog,http://www.reddit.com/r/cocktails/comments/2g11qr/not_cocktail_of_the_week_88_tiki_edition_navy_grog/
Mixer,Juice [Pineapple],Zombie,http://www.reddit.com/r/cocktails/comments/1o2ybi/not_cocktail_of_the_week_40_the_zombie/
Mixer,Juice [Pineapple],Jake Barnes,http://www.reddit.com/r/cocktails/comments/23self/not_cocktail_of_the_week_68_jake_barnes/
Mixer,Juice [Pineapple],Singapore Sling,http://www.reddit.com/r/cocktails/comments/24z689/not_cocktail_of_the_week_70_singapore_sling/
Mixer,Juice [Pineapple],Mary Pickford,http://www.reddit.com/r/cocktails/comments/265iu6/not_cocktail_of_the_week_72_mary_pickford/
Mixer,Juice [Pineapple],Chartreuse Swizzle,http://www.reddit.com/r/cocktails/comments/27bg7z/not_cocktail_of_the_week_74_chartreuse_swizzle/
Mixer,Juice [Pineapple],Tiki Edition - Hotel Nacional Special,http://www.reddit.com/r/cocktails/comments/2dgqc3/not_cocktail_of_the_week_84_tiki_edition_hotel/
Mixer,Juice [Pineapple],Tiki Edition - Jungle Bird,http://www.reddit.com/r/cocktails/comments/2e3p09/not_cocktail_of_the_week_85_tiki_edition_jungle/
Mixer,Juice [Pineapple],Algonquin,http://www.reddit.com/r/cocktails/comments/2i16yn/ncotw_91_algonquin/
Mixer,Juice [Watermelon],Melon Stand,http://www.reddit.com/r/cocktails/comments/29o98j/not_cocktail_of_the_week_78_melon_stand/
Mixer,Lillet,Corpse Reviver No. 2,http://www.reddit.com/r/cocktails/comments/17555c/not_cocktail_of_the_week_3_corpse_reviver_2/
Mixer,Lillet,Negroni,http://www.reddit.com/r/cocktails/comments/1aoe1c/not_cocktail_of_the_week_11_negroni/
Mixer,Lillet,Harvest Moon,http://www.reddit.com/r/cocktails/comments/1qkkly/not_cocktail_of_the_week_45_harvest_moon/
Mixer,Lillet,20th Century,http://www.reddit.com/r/cocktails/comments/2377jm/not_cocktail_of_the_week_67_the_20th_century/
Mixer,Lillet,Hoop La!,http://www.reddit.com/r/cocktails/comments/2930tk/not_cocktail_of_the_week_77_hoop_la/
Mixer,Maraschino Liquor,The Manhattan,http://www.reddit.com/r/cocktails/comments/16pciv/not_cocktail_of_the_week_2_the_manhattan/
Mixer,Maraschino Liquor,Martinez,http://www.reddit.com/r/cocktails/comments/1ck6v2/not_cocktail_of_the_week_15_martinez/
Mixer,Maraschino Liquor,Final Ward,http://www.reddit.com/r/cocktails/comments/1d3j41/not_cocktail_of_the_week_16_final_ward/
Mixer,Maraschino Liquor,Improved Whiskey Cocktail,http://www.reddit.com/r/cocktails/comments/1hkxy5/not_cocktail_of_the_week_26_improved_whiskey/
Mixer,Maraschino Liquor,Armistice,http://www.reddit.com/r/cocktails/comments/1m6xn2/not_cocktail_of_the_week_36_armistice/
Mixer,Maraschino Liquor,Sherry Cobbler,http://www.reddit.com/r/cocktails/comments/1nlqfe/not_cocktail_of_the_week_39_sherry_cobbler/
Mixer,Maraschino Liquor,Astor Hotel Special,http://www.reddit.com/r/cocktails/comments/1uqnsq/not_cocktail_of_the_week_53_astor_hotel_special/
Mixer,Maraschino Liquor,Mary Pickford,http://www.reddit.com/r/cocktails/comments/265iu6/not_cocktail_of_the_week_72_mary_pickford/
Mixer,Maraschino Liquor,Brooklyn,http://www.reddit.com/r/cocktails/comments/2ni3ba/not_cocktail_of_the_week_99_the_brooklyn/
Mixer,Maraschino Liquor,Vintage Manhattan,http://www.reddit.com/r/cocktails/comments/2qy53c/not_cocktail_of_the_week_104_vintage_manhattan/
Mixer,Milk,Ramos Gin Fizz,http://www.reddit.com/r/cocktails/comments/18c2wl/not_cocktail_of_the_week_6_special_mardi_gras/
Mixer,Milk,Eggnog,http://www.reddit.com/r/cocktails/comments/1sovyg/not_cocktail_of_the_week_49_eggnog/
Mixer,Milk,Hot Milk Punch,http://www.reddit.com/r/cocktails/comments/1t79tt/not_cocktail_of_the_week_50_hot_milk_punch/
Mixer,Milk [Sweet Cream],Ramos Gin Fizz,http://www.reddit.com/r/cocktails/comments/18c2wl/not_cocktail_of_the_week_6_special_mardi_gras/
Mixer,Mint,Southside and Southern Exposure,http://www.reddit.com/r/cocktails/comments/1jfrqi/not_cocktail_of_the_week_30_southside_and/
Mixer,Mint,Ward Eight,http://www.reddit.com/r/cocktails/comments/1whtfg/not_cocktail_of_the_week_56_ward_eight/
Mixer,Mint,Mint Julep,http://www.reddit.com/r/cocktails/comments/24d68i/not_cocktail_of_the_week_69_mint_julep/
Mixer,Mint,Tiki Edition - Queen's Park Swizzle,http://www.reddit.com/r/cocktails/comments/2fdo9o/not_cocktail_of_the_week_87_tiki_edition_queens/
Mixer,Mix [Vintage Manhattan],Vintage Manhattan,http://www.reddit.com/r/cocktails/comments/2qy53c/not_cocktail_of_the_week_104_vintage_manhattan/
Mixer,Nutmeg,Eggnog,http://www.reddit.com/r/cocktails/comments/1sovyg/not_cocktail_of_the_week_49_eggnog/
Mixer,Nutmeg,Hot Milk Punch,http://www.reddit.com/r/cocktails/comments/1t79tt/not_cocktail_of_the_week_50_hot_milk_punch/
Mixer,Nutmeg,Tiki Edition - 151 Swizzle,http://www.reddit.com/r/cocktails/comments/2fdo9o/not_cocktail_of_the_week_87_tiki_edition_queens/
Mixer,Orange Flower Water,Ramos Gin Fizz,http://www.reddit.com/r/cocktails/comments/18c2wl/not_cocktail_of_the_week_6_special_mardi_gras/
Spirit,Pear Liquor,Little Miss Annabelle,https://www.reddit.com/r/cocktails/comments/3ql2r3/not_cocktail_of_the_week_121_little_miss_annabelle/
Spirit,Pernod,20th Century,http://www.reddit.com/r/cocktails/comments/2377jm/not_cocktail_of_the_week_67_the_20th_century/
Spirit,Pernod,Tiki Edition - 151 Swizzle,http://www.reddit.com/r/cocktails/comments/2fdo9o/not_cocktail_of_the_week_87_tiki_edition_queens/
Spirit,Pimm's No. 1 Cup,Pimm's Cup,http://www.reddit.com/r/cocktails/comments/1di1m4/not_cocktail_of_the_week_17_pimms_cup/
Mixer,Pinapple Gum,Algonquin,http://www.reddit.com/r/cocktails/comments/2i16yn/ncotw_91_algonquin/
Mixer,Pineapple,Sherry Cobbler,http://www.reddit.com/r/cocktails/comments/1nlqfe/not_cocktail_of_the_week_39_sherry_cobbler/
Mixer,Raspberry Preserves,Clover Club,http://www.reddit.com/r/cocktails/comments/1go8m1/not_cocktail_of_the_week_24_clover_club/
Spirit,Rum [Agricole],Pineapple Express,https://www.reddit.com/r/cocktails/comments/3elm43/not_cocktail_of_the_week_118_cakeday_double/
Spirit,Rum [Agricole],Tiki Edition - Three Dots & A Dash,http://www.reddit.com/r/cocktails/comments/2ct529/not_cocktail_of_the_week_83_tiki_edition_three/
Spirit,Rum [Black Strap],Tiki Edition - Jungle Bird,http://www.reddit.com/r/cocktails/comments/2e3p09/not_cocktail_of_the_week_85_tiki_edition_jungle/
Spirit,Rum [Black Strap],Old Ironsides,http://www.reddit.com/r/cocktails/comments/33i34n/not_cocktail_of_the_week_112_old_ironsides/
Spirit,Rum [Dark],Hot Milk Punch,http://www.reddit.com/r/cocktails/comments/1t79tt/not_cocktail_of_the_week_50_hot_milk_punch/
Spirit,Rum [Dark],Hot Toddy,http://www.reddit.com/r/cocktails/comments/2qb14e/not_cocktail_of_the_week_103_hot_toddy/
Spirit,Rum [Guyanese Aged],Zombie,http://www.reddit.com/r/cocktails/comments/1o2ybi/not_cocktail_of_the_week_40_the_zombie/
Spirit,Rum [Guyanese Aged],Bumbo,http://www.reddit.com/r/cocktails/comments/27wec2/not_cocktail_of_the_week_75_bumbo_rum_manhattan/
Spirit,Rum [Guyanese Aged],Rum Manhattan,http://www.reddit.com/r/cocktails/comments/27wec2/not_cocktail_of_the_week_75_bumbo_rum_manhattan/
Spirit,Rum [Guyanese Aged],Tiki Edition - Three Dots & A Dash,http://www.reddit.com/r/cocktails/comments/2ct529/not_cocktail_of_the_week_83_tiki_edition_three/
Spirit,Rum [Guyanese Aged],Tiki Edition - Navy Grog,http://www.reddit.com/r/cocktails/comments/2g11qr/not_cocktail_of_the_week_88_tiki_edition_navy_grog/
Spirit,Rum [Guyanese Aged],Tiki Edition - Queen's Park Swizzle,http://www.reddit.com/r/cocktails/comments/2fdo9o/not_cocktail_of_the_week_87_tiki_edition_queens/
Spirit,Rum [Guyanese Overproof],Tiki Edition - 151 Swizzle,http://www.reddit.com/r/cocktails/comments/2fdo9o/not_cocktail_of_the_week_87_tiki_edition_queens/
Spirit,Rum [Jamaican Dark],Dark and Stormy,http://www.reddit.com/r/cocktails/comments/1dy57g/not_cocktail_of_the_week_18_dark_n_stormy/
Spirit,Rum [Jamaican Dark],Zombie,http://www.reddit.com/r/cocktails/comments/1o2ybi/not_cocktail_of_the_week_40_the_zombie/
Spirit,Rum [Jamaican Dark],Tiki Edition - Jungle Bird,http://www.reddit.com/r/cocktails/comments/2e3p09/not_cocktail_of_the_week_85_tiki_edition_jungle/
Spirit,Rum [Jamaican Dark],Tiki Edition - Navy Grog,http://www.reddit.com/r/cocktails/comments/2g11qr/not_cocktail_of_the_week_88_tiki_edition_navy_grog/
Spirit,Rum [Jamaican Gold],Tiki Edition - Navy Grog,http://www.reddit.com/r/cocktails/comments/2g11qr/not_cocktail_of_the_week_88_tiki_edition_navy_grog/
Spirit,Rum [Pineapple],Pineapple Daiquiri,https://www.reddit.com/r/cocktails/comments/3elm43/not_cocktail_of_the_week_118_cakeday_double/
Spirit,Rum [Pineapple],Pineapple Express,https://www.reddit.com/r/cocktails/comments/3elm43/not_cocktail_of_the_week_118_cakeday_double/
Spirit,Rum [Puerto Rican Aged],Latin Quarter,http://www.reddit.com/r/cocktails/comments/2vkgdm/not_cocktail_of_the_week_107_latin_quarter/
Spirit,Rum [Puerto Rican Gold],Tiki Edition - Hotel Nacional Special,http://www.reddit.com/r/cocktails/comments/2dgqc3/not_cocktail_of_the_week_84_tiki_edition_hotel/
Spirit,Rum [Puerto Rican Gold],Zombie,http://www.reddit.com/r/cocktails/comments/1o2ybi/not_cocktail_of_the_week_40_the_zombie/
Spirit,Rum [Puerto Rican White],Between the Sheets,http://www.reddit.com/r/cocktails/comments/1xqbox/not_cocktail_of_the_week_58_between_the_sheets/
Spirit,Rum [Puerto Rican White],Zombie,http://www.reddit.com/r/cocktails/comments/1o2ybi/not_cocktail_of_the_week_40_the_zombie/
Spirit,Rum [Puerto Rican White],Twelve Mile Limit,http://www.reddit.com/r/cocktails/comments/1s3ub4/not_cocktail_of_the_week_48_twelve_mile_limit/
Spirit,Rum [Puerto Rican White],Brass Rail,http://www.reddit.com/r/cocktails/comments/21g5zr/not_cocktail_of_the_week_64_brass_rail/
Spirit,Rum [Puerto Rican White],Mary Pickford,http://www.reddit.com/r/cocktails/comments/265iu6/not_cocktail_of_the_week_72_mary_pickford/
Spirit,Rum [Puerto Rican White],Mojito,http://www.reddit.com/r/cocktails/comments/2aw7zg/not_cocktail_of_the_week_80_mojito/
Spirit,Rum [Puerto Rican White],Tiki Edition - Navy Grog,http://www.reddit.com/r/cocktails/comments/2g11qr/not_cocktail_of_the_week_88_tiki_edition_navy_grog/
Spirit,Rum [Smith & Cross],Kingston Negroni,https://www.reddit.com/r/cocktails/comments/38e4cc/not_cocktail_of_the_week_116_kingston_negroni/
Spirit,Rum [Trinidadian Gold],Old Ironsides,http://www.reddit.com/r/cocktails/comments/33i34n/not_cocktail_of_the_week_112_old_ironsides/
Spirit,Scotch,Bobby Burns,http://www.reddit.com/r/cocktails/comments/169jv7/cocktail_of_the_week_3_bobby_burns/
Spirit,Scotch,Cameron's Kick,http://www.reddit.com/r/cocktails/comments/1la682/not_cocktail_of_the_week_34_camerons_kick/
Spirit,Scotch,Godfather,http://www.reddit.com/r/cocktails/comments/1q21yk/not_cocktail_of_the_week_44_godfather/
Spirit,Scotch,Blood and Sand,http://www.reddit.com/r/cocktails/comments/1yds2e/not_cocktail_of_the_week_59_blood_and_sand/
Spirit,Scotch,Flannel Shirt,http://www.reddit.com/r/cocktails/comments/2m3rsx/not_cocktail_of_the_week_97_flannel_shirt/
Spirit,Scotch,Rob Roy,http://www.reddit.com/r/cocktails/comments/2owdug/not_cocktail_of_the_week_101_rob_roy/
Spirit,Scotch [Blended],Cameron's Kick,http://www.reddit.com/r/cocktails/comments/1la682/not_cocktail_of_the_week_34_camerons_kick/
Spirit,Scotch [Blended],Penicillin,http://www.reddit.com/r/cocktails/comments/1ola4b/not_cocktail_of_the_week_41_penicillin/
Spirit,Scotch [Blended],Blood and Sand,http://www.reddit.com/r/cocktails/comments/1yds2e/not_cocktail_of_the_week_59_blood_and_sand/
Spirit,Scotch [Blended],Blood and Sand,http://www.reddit.com/r/cocktails/comments/1yds2e/not_cocktail_of_the_week_59_blood_and_sand/
Spirit,Scotch [Caol Ila],Vasco de Gama,http://www.reddit.com/r/cocktails/comments/1rlin2/not_cocktail_of_the_week_47_vasco_de_gamaafonso/
Spirit,Scotch [Highland Malt],Bobby Burns,http://www.reddit.com/r/cocktails/comments/169jv7/cocktail_of_the_week_3_bobby_burns/
Spirit,Scotch [Islay],Penicillin,http://www.reddit.com/r/cocktails/comments/1ola4b/not_cocktail_of_the_week_41_penicillin/
Spirit,Scotch [Islay],Afonso de Albuquerque,http://www.reddit.com/r/cocktails/comments/1rlin2/not_cocktail_of_the_week_47_vasco_de_gamaafonso/
Spirit,Scotch [Islay],20th Century,http://www.reddit.com/r/cocktails/comments/2377jm/not_cocktail_of_the_week_67_the_20th_century/
Mixer,Seltzer,Ramos Gin Fizz,http://www.reddit.com/r/cocktails/comments/18c2wl/not_cocktail_of_the_week_6_special_mardi_gras/
Mixer,Seltzer,Ward Eight,http://www.reddit.com/r/cocktails/comments/1whtfg/not_cocktail_of_the_week_56_ward_eight/
Mixer,Seltzer,Sloe Gin Fizz,http://www.reddit.com/r/cocktails/comments/2hcybr/not_cocktail_of_the_week_90_sloe_gin_fizz/
Mixer,Seltzer,Harvard,http://www.reddit.com/r/cocktails/comments/2msxfz/not_cocktail_of_the_week_98_harvard/
Spirit,Sherry,Sherry Cobbler,http://www.reddit.com/r/cocktails/comments/1nlqfe/not_cocktail_of_the_week_39_sherry_cobbler/
Spirit,Sherry,Eggnog,http://www.reddit.com/r/cocktails/comments/1sovyg/not_cocktail_of_the_week_49_eggnog/
Spirit,Sherry,Alaska,http://www.reddit.com/r/cocktails/comments/1vb2os/not_cocktail_of_the_week_54_alaska/
Spirit,Sherry [Amontillado],Sherry Cobbler,http://www.reddit.com/r/cocktails/comments/1nlqfe/not_cocktail_of_the_week_39_sherry_cobbler/
Spirit,Sherry [Amontillado],Admiral Russel's Punch,http://www.reddit.com/r/cocktails/comments/2plv0k/not_cocktail_of_the_week_102_admiral_russells/
Spirit,Sherry [Amontillado],Admiral Russell's Punch,http://www.reddit.com/r/cocktails/comments/2plv0k/not_cocktail_of_the_week_102_admiral_russells/
Spirit,Sherry [Montilla],Admiral Russell's Punch,http://www.reddit.com/r/cocktails/comments/2plv0k/not_cocktail_of_the_week_102_admiral_russells/
Mixer,Soda [Club],Ramos Gin Fizz,http://www.reddit.com/r/cocktails/comments/18c2wl/not_cocktail_of_the_week_6_special_mardi_gras/
Mixer,Soda [Club],Pimm's Cup,http://www.reddit.com/r/cocktails/comments/1di1m4/not_cocktail_of_the_week_17_pimms_cup/
Mixer,Soda [Club],Singapore Sling,http://www.reddit.com/r/cocktails/comments/24z689/not_cocktail_of_the_week_70_singapore_sling/
Mixer,Soda [Club],Mojito,http://www.reddit.com/r/cocktails/comments/2aw7zg/not_cocktail_of_the_week_80_mojito/
Mixer,Soda [Club],Sloe Gin Fizz,http://www.reddit.com/r/cocktails/comments/2hcybr/not_cocktail_of_the_week_90_sloe_gin_fizz/
Mixer,Soda [Club],Rickey,http://www.reddit.com/r/cocktails/comments/31w63l/not_cocktail_of_the_week_111_the_rickey/
Mixer,Soda [Club],Golden Beautiful,https://www.reddit.com/r/cocktails/comments/3hrfsx/not_cocktail_of_the_week_119_the_golden_beautiful/
Spirit,St. Germain,Pamplemousse,http://www.reddit.com/r/cocktails/comments/1b4trm/not_cocktail_of_the_week_12_pamplemousse/
Spirit,St. Germain,Shaddock,http://www.reddit.com/r/cocktails/comments/1jwh9f/not_cocktail_of_the_week_31_shaddock/
Spirit,St. Germain,Apertif,http://www.reddit.com/r/cocktails/comments/1z1048/not_cocktail_of_the_week_60_aperitif/
Spirit,St. Germain,Muddled Mission,http://www.reddit.com/r/cocktails/comments/34b35t/not_cocktail_of_the_week_113_muddled_mission/
Mixer,Strawberry,Muddled Mission,http://www.reddit.com/r/cocktails/comments/34b35t/not_cocktail_of_the_week_113_muddled_mission/
Mixer,Sugar,Hot Toddy,http://www.reddit.com/r/cocktails/comments/2qb14e/not_cocktail_of_the_week_103_hot_toddy/
Mixer,Sugar [Brown],Mint Julep,http://www.reddit.com/r/cocktails/comments/24d68i/not_cocktail_of_the_week_69_mint_julep/
Mixer,Sugar [Brown],Mojito,http://www.reddit.com/r/cocktails/comments/2aw7zg/not_cocktail_of_the_week_80_mojito/
Mixer,Sugar [Brown],Afonso de Albuquerque,http://www.reddit.com/r/cocktails/comments/1rlin2/not_cocktail_of_the_week_47_vasco_de_gamaafonso/
Mixer,Sugar [Lisbon],Admiral Russell's Punch,http://www.reddit.com/r/cocktails/comments/2plv0k/not_cocktail_of_the_week_102_admiral_russells/
Mixer,Sugar [Powdered],Ramos Gin Fizz,http://www.reddit.com/r/cocktails/comments/18c2wl/not_cocktail_of_the_week_6_special_mardi_gras/
Mixer,Sugar [Powdered],Southside and Southern Exposure,http://www.reddit.com/r/cocktails/comments/1jfrqi/not_cocktail_of_the_week_30_southside_and/
Mixer,Sugar [Powdered],Mint Julep,http://www.reddit.com/r/cocktails/comments/24d68i/not_cocktail_of_the_week_69_mint_julep/
Mixer,Sugar [Powdered],Sloe Gin Fizz,http://www.reddit.com/r/cocktails/comments/2hcybr/not_cocktail_of_the_week_90_sloe_gin_fizz/
Mixer,Sugar [White],Daiquiri,http://www.reddit.com/r/cocktails/comments/1i0sbt/not_cocktail_of_the_week_27_daiquiri/
Mixer,Sugar [White],Sherry Cobbler,http://www.reddit.com/r/cocktails/comments/1nlqfe/not_cocktail_of_the_week_39_sherry_cobbler/
Mixer,Sugar [White],Eggnog,http://www.reddit.com/r/cocktails/comments/1sovyg/not_cocktail_of_the_week_49_eggnog/
Mixer,Sugar [White],Hot Milk Punch,http://www.reddit.com/r/cocktails/comments/1t79tt/not_cocktail_of_the_week_50_hot_milk_punch/
Mixer,Sugar [White],Old-Fashioned,http://www.reddit.com/r/cocktails/comments/1u7nb3/not_cocktail_of_the_week_52_oldfashioned/
Mixer,Sugar [White],Ward Eight,http://www.reddit.com/r/cocktails/comments/1whtfg/not_cocktail_of_the_week_56_ward_eight/
Mixer,Sugar [White],Sazerac,http://www.reddit.com/r/cocktails/comments/1zk37d/not_cocktail_of_the_week_61_special_mardi_gras/
Mixer,Sugar [White],Mint Julep,http://www.reddit.com/r/cocktails/comments/24d68i/not_cocktail_of_the_week_69_mint_julep/
Mixer,Sugar [White],Mojito,http://www.reddit.com/r/cocktails/comments/2aw7zg/not_cocktail_of_the_week_80_mojito/
Mixer,Sugar [White],Admiral Russell's Punch,http://www.reddit.com/r/cocktails/comments/2plv0k/not_cocktail_of_the_week_102_admiral_russells/
Mixer,Syrup [Cinnamon],Zombie,http://www.reddit.com/r/cocktails/comments/1o2ybi/not_cocktail_of_the_week_40_the_zombie/
Mixer,Syrup [Demerara],Mai Tai,http://www.reddit.com/r/cocktails/comments/1ii3l5/not_cocktail_of_the_week_28_mai_tai/
Mixer,Syrup [Demerara],Zombie,http://www.reddit.com/r/cocktails/comments/1o2ybi/not_cocktail_of_the_week_40_the_zombie/
Mixer,Syrup [Demerara],Zombie,http://www.reddit.com/r/cocktails/comments/1o2ybi/not_cocktail_of_the_week_40_the_zombie/
Mixer,Syrup [Demerara],Tiki Edition - Three Dots & A Dash,http://www.reddit.com/r/cocktails/comments/2ct529/not_cocktail_of_the_week_83_tiki_edition_three/
Mixer,Syrup [Demerara],Tiki Edition - Navy Grog,http://www.reddit.com/r/cocktails/comments/2g11qr/not_cocktail_of_the_week_88_tiki_edition_navy_grog/
Mixer,Syrup [Demerara],Toronto,http://www.reddit.com/r/cocktails/comments/2le79y/not_cocktail_of_the_week_96_toronto_fernet_branca/
Mixer,Syrup [Demerara],Toronto,http://www.reddit.com/r/cocktails/comments/2le79y/not_cocktail_of_the_week_96_toronto_fernet_branca/
Mixer,Syrup [Demerara],Flannel Shirt,http://www.reddit.com/r/cocktails/comments/2m3rsx/not_cocktail_of_the_week_97_flannel_shirt/
Mixer,Syrup [Demerara],Flannel Shirt,http://www.reddit.com/r/cocktails/comments/2m3rsx/not_cocktail_of_the_week_97_flannel_shirt/
Mixer,Syrup [Demerara],Admiral Russel's Punch,http://www.reddit.com/r/cocktails/comments/2plv0k/not_cocktail_of_the_week_102_admiral_russells/
Mixer,Syrup [Demerara],Admiral Russell's Punch,http://www.reddit.com/r/cocktails/comments/2plv0k/not_cocktail_of_the_week_102_admiral_russells/
Mixer,Syrup [Demerara],Bumbo,http://www.reddit.com/r/cocktails/comments/27wec2/not_cocktail_of_the_week_75_bumbo_rum_manhattan/
Mixer,Syrup [Demerara],Tiki Edition - Queen's Park Swizzle,http://www.reddit.com/r/cocktails/comments/2fdo9o/not_cocktail_of_the_week_87_tiki_edition_queens/
Mixer,Syrup [Demerara],Tiki Edition - Queen's Park Swizzle,http://www.reddit.com/r/cocktails/comments/2fdo9o/not_cocktail_of_the_week_87_tiki_edition_queens/
Mixer,Syrup [Demerara],Tiki Edition - 151 Swizzle,http://www.reddit.com/r/cocktails/comments/2fdo9o/not_cocktail_of_the_week_87_tiki_edition_queens/
Mixer,Syrup [Demerara],Pineapple Daiquiri,https://www.reddit.com/r/cocktails/comments/3elm43/not_cocktail_of_the_week_118_cakeday_double/
Mixer,Syrup [Falernum],Mai Tai,http://www.reddit.com/r/cocktails/comments/1ii3l5/not_cocktail_of_the_week_28_mai_tai/
Mixer,Syrup [Falernum],Zombie,http://www.reddit.com/r/cocktails/comments/1o2ybi/not_cocktail_of_the_week_40_the_zombie/
Mixer,Syrup [Falernum],Chartreuse Swizzle,http://www.reddit.com/r/cocktails/comments/27bg7z/not_cocktail_of_the_week_74_chartreuse_swizzle/
Mixer,Syrup [Falernum],Tiki Edition - Three Dots & A Dash,http://www.reddit.com/r/cocktails/comments/2ct529/not_cocktail_of_the_week_83_tiki_edition_three/
Mixer,Syrup [Falernum],Tiki Edition - Royal Bermuda Yacht Club,http://www.reddit.com/r/cocktails/comments/2ergog/not_cocktail_of_the_week_86_tiki_edition_royal/
Mixer,Syrup [Falernum],Saturn,https://www.reddit.com/r/cocktails/comments/3nha24/not_cocktail_of_the_week_120_saturn/
Mixer,Syrup [Ginger],Penicillin,http://www.reddit.com/r/cocktails/comments/1ola4b/not_cocktail_of_the_week_41_penicillin/
Mixer,Syrup [Gram Masala Spiced Apple],Vasco de Gama,http://www.reddit.com/r/cocktails/comments/1rlin2/not_cocktail_of_the_week_47_vasco_de_gamaafonso/
Mixer,Syrup [Grenadine],Jack Rose,http://www.reddit.com/r/cocktails/comments/1bnysd/not_cocktail_of_the_week_13_jack_rose/
Mixer,Syrup [Grenadine],Clover Club,http://www.reddit.com/r/cocktails/comments/1go8m1/not_cocktail_of_the_week_24_clover_club/
Mixer,Syrup [Grenadine],Zombie,http://www.reddit.com/r/cocktails/comments/1o2ybi/not_cocktail_of_the_week_40_the_zombie/
Mixer,Syrup [Grenadine],Scofflaw,http://www.reddit.com/r/cocktails/comments/1r389k/not_cocktail_of_the_week_46_scofflaw/
Mixer,Syrup [Grenadine],Twelve Mile Limit,http://www.reddit.com/r/cocktails/comments/1s3ub4/not_cocktail_of_the_week_48_twelve_mile_limit/
Mixer,Syrup [Grenadine],Ward Eight,http://www.reddit.com/r/cocktails/comments/1whtfg/not_cocktail_of_the_week_56_ward_eight/
Mixer,Syrup [Grenadine],Deauville,http://www.reddit.com/r/cocktails/comments/22mgqx/not_cocktail_of_the_week_66_deauville/
Mixer,Syrup [Grenadine],Jake Barnes,http://www.reddit.com/r/cocktails/comments/23self/not_cocktail_of_the_week_68_jake_barnes/
Mixer,Syrup [Grenadine],Singapore Sling,http://www.reddit.com/r/cocktails/comments/24z689/not_cocktail_of_the_week_70_singapore_sling/
Mixer,Syrup [Grenadine],Mary Pickford,http://www.reddit.com/r/cocktails/comments/265iu6/not_cocktail_of_the_week_72_mary_pickford/
Mixer,Syrup [Grenadine],Sloe Gin Fizz,http://www.reddit.com/r/cocktails/comments/2hcybr/not_cocktail_of_the_week_90_sloe_gin_fizz/
Mixer,Syrup [Grenadine],Royal Smile,http://www.reddit.com/r/cocktails/comments/2kphq0/not_cocktail_of_the_week_95_royal_smile/
Mixer,Syrup [Gum],The Manhattan,http://www.reddit.com/r/cocktails/comments/16pciv/not_cocktail_of_the_week_2_the_manhattan/
Mixer,Syrup [Gum],Martinez,http://www.reddit.com/r/cocktails/comments/1ck6v2/not_cocktail_of_the_week_15_martinez/
Mixer,Syrup [Gum],Improved Whiskey Cocktail,http://www.reddit.com/r/cocktails/comments/1hkxy5/not_cocktail_of_the_week_26_improved_whiskey/
Mixer,Syrup [Gum],Daiquiri,http://www.reddit.com/r/cocktails/comments/1i0sbt/not_cocktail_of_the_week_27_daiquiri/
Mixer,Syrup [Gum],Old-Fashioned,http://www.reddit.com/r/cocktails/comments/1u7nb3/not_cocktail_of_the_week_52_oldfashioned/
Mixer,Syrup [Gum],Sazerac,http://www.reddit.com/r/cocktails/comments/1zk37d/not_cocktail_of_the_week_61_special_mardi_gras/
Mixer,Syrup [Gum],Martini,http://www.reddit.com/r/cocktails/comments/26p35e/not_cocktail_of_the_week_73_dry_martini/
Mixer,Syrup [Maple],Sweet and Vicious,http://www.reddit.com/r/cocktails/comments/37huyv/not_cocktail_of_the_week_115_sweet_and_vicious/
Mixer,Syrup [Orgeat Almond],Mai Tai,http://www.reddit.com/r/cocktails/comments/1ii3l5/not_cocktail_of_the_week_28_mai_tai/
Mixer,Syrup [Orgeat],Mai Tai,http://www.reddit.com/r/cocktails/comments/1ii3l5/not_cocktail_of_the_week_28_mai_tai/
Mixer,Syrup [Orgeat],Cameron's Kick,http://www.reddit.com/r/cocktails/comments/1la682/not_cocktail_of_the_week_34_camerons_kick/
Mixer,Syrup [Orgeat],Japanese,http://www.reddit.com/r/cocktails/comments/1mnoih/not_cocktail_of_the_week_37_japanese/
Mixer,Syrup [Orgeat],Saturn,https://www.reddit.com/r/cocktails/comments/3nha24/not_cocktail_of_the_week_120_saturn/
Mixer,Syrup [Passion Fruit],Zombie,http://www.reddit.com/r/cocktails/comments/1o2ybi/not_cocktail_of_the_week_40_the_zombie/
Mixer,Syrup [Passion Fruit],Golden Beautiful,https://www.reddit.com/r/cocktails/comments/3hrfsx/not_cocktail_of_the_week_119_the_golden_beautiful/
Mixer,Syrup [Passion Fruit],Saturn,https://www.reddit.com/r/cocktails/comments/3nha24/not_cocktail_of_the_week_120_saturn/
Mixer,Syrup [Raspberry],Clover Club,http://www.reddit.com/r/cocktails/comments/1go8m1/not_cocktail_of_the_week_24_clover_club/
Mixer,Syrup [Raspberry],Deauville,http://www.reddit.com/r/cocktails/comments/22mgqx/not_cocktail_of_the_week_66_deauville/
Mixer,Syrup [Raspberry],Sloe Gin Fizz,http://www.reddit.com/r/cocktails/comments/2hcybr/not_cocktail_of_the_week_90_sloe_gin_fizz/
Mixer,Syrup [Rock Candy],Mai Tai,http://www.reddit.com/r/cocktails/comments/1ii3l5/not_cocktail_of_the_week_28_mai_tai/
Mixer,Syrup [Rock Candy],Tiki Edition - Navy Grog,http://www.reddit.com/r/cocktails/comments/2g11qr/not_cocktail_of_the_week_88_tiki_edition_navy_grog/
Mixer,Syrup [Simple],Ramos Gin Fizz,http://www.reddit.com/r/cocktails/comments/18c2wl/not_cocktail_of_the_week_6_special_mardi_gras/
Mixer,Syrup [Simple],Lion's Tail,http://www.reddit.com/r/cocktails/comments/18z307/not_cocktail_of_the_week_7_lions_tail/
Mixer,Syrup [Simple],Sidecar,http://www.reddit.com/r/cocktails/comments/19cmfw/not_cocktail_of_the_week_8_sidecar/
Mixer,Syrup [Simple],Pimm's Cup,http://www.reddit.com/r/cocktails/comments/1di1m4/not_cocktail_of_the_week_17_pimms_cup/
Mixer,Syrup [Simple],Intro to Aperol,http://www.reddit.com/r/cocktails/comments/1eegsr/not_cocktail_of_the_week_19_intro_to_aperol/
Mixer,Syrup [Simple],Clover Club,http://www.reddit.com/r/cocktails/comments/1go8m1/not_cocktail_of_the_week_24_clover_club/
Mixer,Syrup [Simple],Angostura Sour,http://www.reddit.com/r/cocktails/comments/1h41yg/not_cocktail_of_the_week_25_angostura_sour/
Mixer,Syrup [Simple],Improved Whiskey Cocktail,http://www.reddit.com/r/cocktails/comments/1hkxy5/not_cocktail_of_the_week_26_improved_whiskey/
Mixer,Syrup [Simple],Daiquiri,http://www.reddit.com/r/cocktails/comments/1i0sbt/not_cocktail_of_the_week_27_daiquiri/
Mixer,Syrup [Simple],Southside and Southern Exposure,http://www.reddit.com/r/cocktails/comments/1jfrqi/not_cocktail_of_the_week_30_southside_and/
Mixer,Syrup [Simple],Rattlesnake,http://www.reddit.com/r/cocktails/comments/1ktllm/not_cocktail_of_the_week_33_rattlesnake/
Mixer,Syrup [Simple],Old-Fashioned,http://www.reddit.com/r/cocktails/comments/1u7nb3/not_cocktail_of_the_week_52_oldfashioned/
Mixer,Syrup [Simple],Amaretto Sour,http://www.reddit.com/r/cocktails/comments/1vvuw7/not_cocktail_of_the_week_55_amaretto_sour/
Mixer,Syrup [Simple],Ward Eight,http://www.reddit.com/r/cocktails/comments/1whtfg/not_cocktail_of_the_week_56_ward_eight/
Mixer,Syrup [Simple],Sazerac,http://www.reddit.com/r/cocktails/comments/1zk37d/not_cocktail_of_the_week_61_special_mardi_gras/
Mixer,Syrup [Simple],Champs Elysees,http://www.reddit.com/r/cocktails/comments/209moq/not_cocktail_of_the_week_62_champs_elysees/
Mixer,Syrup [Simple],Brass Rail,http://www.reddit.com/r/cocktails/comments/21g5zr/not_cocktail_of_the_week_64_brass_rail/
Mixer,Syrup [Simple],Mint Julep,http://www.reddit.com/r/cocktails/comments/24d68i/not_cocktail_of_the_week_69_mint_julep/
Mixer,Syrup [Simple],Bumbo,http://www.reddit.com/r/cocktails/comments/27wec2/not_cocktail_of_the_week_75_bumbo_rum_manhattan/
Mixer,Syrup [Simple],Gimlet,http://www.reddit.com/r/cocktails/comments/28i1dn/not_cocktail_of_the_week_76_gimlet/
Mixer,Syrup [Simple],Melon Stand,http://www.reddit.com/r/cocktails/comments/29o98j/not_cocktail_of_the_week_78_melon_stand/
Mixer,Syrup [Simple],Mojito,http://www.reddit.com/r/cocktails/comments/2aw7zg/not_cocktail_of_the_week_80_mojito/
Mixer,Syrup [Simple],Cloister,http://www.reddit.com/r/cocktails/comments/2c5dro/not_cocktail_of_the_week_82_the_cloister/
Mixer,Syrup [Simple],Tiki Edition - Hotel Nacional Special,http://www.reddit.com/r/cocktails/comments/2dgqc3/not_cocktail_of_the_week_84_tiki_edition_hotel/
Mixer,Syrup [Simple],Tiki Edition - Jungle Bird,http://www.reddit.com/r/cocktails/comments/2e3p09/not_cocktail_of_the_week_85_tiki_edition_jungle/
Mixer,Syrup [Simple],Industry Sour,http://www.reddit.com/r/cocktails/comments/2gony4/not_cocktail_of_the_week_89_industry_sour/
Mixer,Syrup [Simple],Sloe Gin Fizz,http://www.reddit.com/r/cocktails/comments/2hcybr/not_cocktail_of_the_week_90_sloe_gin_fizz/
Mixer,Syrup [Simple],Earl Grey MarTEAni & Mandala,http://www.reddit.com/r/cocktails/comments/2jbqnq/not_cocktail_of_the_week_93_the_earl_grey/
Mixer,Syrup [Simple],Hot Toddy,http://www.reddit.com/r/cocktails/comments/2qb14e/not_cocktail_of_the_week_103_hot_toddy/
Mixer,Syrup [Simple],Latin Quarter,http://www.reddit.com/r/cocktails/comments/2vkgdm/not_cocktail_of_the_week_107_latin_quarter/
Mixer,Syrup [Simple],Pineapple Express,https://www.reddit.com/r/cocktails/comments/3elm43/not_cocktail_of_the_week_118_cakeday_double/
Mixer,Syrup [Simple],Little Miss Annabelle,https://www.reddit.com/r/cocktails/comments/3ql2r3/not_cocktail_of_the_week_121_little_miss_annabelle/
Mixer,Syrup [Spiced Rich],Afonso de Albuquerque,http://www.reddit.com/r/cocktails/comments/1rlin2/not_cocktail_of_the_week_47_vasco_de_gamaafonso/
Mixer,Syrup [Turbinado],Mai Tai,http://www.reddit.com/r/cocktails/comments/1ii3l5/not_cocktail_of_the_week_28_mai_tai/
Mixer,Syrup [Vanilla],Golden Beautiful,https://www.reddit.com/r/cocktails/comments/3hrfsx/not_cocktail_of_the_week_119_the_golden_beautiful/
Mixer,Tea [Earl Grey],Earl Grey MarTEAni & Mandala,http://www.reddit.com/r/cocktails/comments/2jbqnq/not_cocktail_of_the_week_93_the_earl_grey/
Spirit,Tequila [Blanco],20th Century,http://www.reddit.com/r/cocktails/comments/2377jm/not_cocktail_of_the_week_67_the_20th_century/
Spirit,Tequila [Reposado],Golden Beautiful,https://www.reddit.com/r/cocktails/comments/3hrfsx/not_cocktail_of_the_week_119_the_golden_beautiful/
Mixer,Torani Amer,Brooklyn,http://www.reddit.com/r/cocktails/comments/2ni3ba/not_cocktail_of_the_week_99_the_brooklyn/
Mixer,Triple Sec,Claridge,http://www.reddit.com/r/cocktails/comments/1fqiys/not_cocktail_of_the_week_22_claridge/
Mixer,Triple Sec,Deauville,http://www.reddit.com/r/cocktails/comments/22mgqx/not_cocktail_of_the_week_66_deauville/
Mixer,Triple Sec,Singapore Sling,http://www.reddit.com/r/cocktails/comments/24z689/not_cocktail_of_the_week_70_singapore_sling/
Mixer,Vermouth [Bianco],Greenpoint,http://www.reddit.com/r/cocktails/comments/19s7lz/not_cocktail_of_the_week_9_greenpoint/
Mixer,Vermouth [Dry],Martinez,http://www.reddit.com/r/cocktails/comments/1ck6v2/not_cocktail_of_the_week_15_martinez/
Mixer,Vermouth [Dry],Claridge,http://www.reddit.com/r/cocktails/comments/1fqiys/not_cocktail_of_the_week_22_claridge/
Mixer,Vermouth [Dry],Armistice,http://www.reddit.com/r/cocktails/comments/1m6xn2/not_cocktail_of_the_week_36_armistice/
Mixer,Vermouth [Dry],Lucien Gaudin,http://www.reddit.com/r/cocktails/comments/1n46x1/not_cocktail_of_the_week_38_lucien_gaudin/
Mixer,Vermouth [Dry],Delmonico,http://www.reddit.com/r/cocktails/comments/1p2gfl/not_cocktail_of_the_week_42_delmonico/
Mixer,Vermouth [Dry],Scofflaw,http://www.reddit.com/r/cocktails/comments/1r389k/not_cocktail_of_the_week_46_scofflaw/
Mixer,Vermouth [Dry],Apertif,http://www.reddit.com/r/cocktails/comments/1z1048/not_cocktail_of_the_week_60_aperitif/
Mixer,Vermouth [Dry],Bronx & Income Tax,http://www.reddit.com/r/cocktails/comments/221kjr/not_cocktail_of_the_week_65_bronx_income_tax/
Mixer,Vermouth [Dry],Martini,http://www.reddit.com/r/cocktails/comments/26p35e/not_cocktail_of_the_week_73_dry_martini/
Mixer,Vermouth [Dry],Algonquin,http://www.reddit.com/r/cocktails/comments/2i16yn/ncotw_91_algonquin/
Mixer,Vermouth [Dry],Brooklyn,http://www.reddit.com/r/cocktails/comments/2ni3ba/not_cocktail_of_the_week_99_the_brooklyn/
Mixer,Vermouth [Dry],Old Pal,http://www.reddit.com/r/cocktails/comments/2sfsns/not_cocktail_of_the_week_105_old_pal/
Mixer,Vermouth [Dry],Chrysanthemum,http://www.reddit.com/r/cocktails/comments/309ww9/not_cocktail_of_the_week_110_chrysanthemum/
Mixer,Vermouth [Dry],Sweet and Vicious,http://www.reddit.com/r/cocktails/comments/37huyv/not_cocktail_of_the_week_115_sweet_and_vicious/
Mixer,Vermouth [Sweet],Bobby Burns,http://www.reddit.com/r/cocktails/comments/169jv7/cocktail_of_the_week_3_bobby_burns/
Mixer,Vermouth [Sweet],The Manhattan,http://www.reddit.com/r/cocktails/comments/16pciv/not_cocktail_of_the_week_2_the_manhattan/
Mixer,Vermouth [Sweet],Boulevardier,http://www.reddit.com/r/cocktails/comments/180rvd/not_cocktail_of_the_week_5_boulevardier/
Mixer,Vermouth [Sweet],Greenpoint,http://www.reddit.com/r/cocktails/comments/19s7lz/not_cocktail_of_the_week_9_greenpoint/
Mixer,Vermouth [Sweet],Vieux Carre,http://www.reddit.com/r/cocktails/comments/1a8cs5/not_cocktail_of_the_week_10_vieux_carre/
Mixer,Vermouth [Sweet],Negroni,http://www.reddit.com/r/cocktails/comments/1aoe1c/not_cocktail_of_the_week_11_negroni/
Mixer,Vermouth [Sweet],Martinez,http://www.reddit.com/r/cocktails/comments/1ck6v2/not_cocktail_of_the_week_15_martinez/
Mixer,Vermouth [Sweet],Corpse Reviver No. 1,http://www.reddit.com/r/cocktails/comments/1lqice/not_cocktail_of_the_week_35_corpse_reviver_no_1/
Mixer,Vermouth [Sweet],Zombie,http://www.reddit.com/r/cocktails/comments/1o2ybi/not_cocktail_of_the_week_40_the_zombie/
Mixer,Vermouth [Sweet],Delmonico,http://www.reddit.com/r/cocktails/comments/1p2gfl/not_cocktail_of_the_week_42_delmonico/
Mixer,Vermouth [Sweet],Blood and Sand,http://www.reddit.com/r/cocktails/comments/1yds2e/not_cocktail_of_the_week_59_blood_and_sand/
Mixer,Vermouth [Sweet],Remember the Maine,http://www.reddit.com/r/cocktails/comments/20u5cf/not_cocktail_of_the_week_63_remember_the_maine/
Mixer,Vermouth [Sweet],Bronx & Income Tax,http://www.reddit.com/r/cocktails/comments/221kjr/not_cocktail_of_the_week_65_bronx_income_tax/
Mixer,Vermouth [Sweet],Harvard,http://www.reddit.com/r/cocktails/comments/2msxfz/not_cocktail_of_the_week_98_harvard/
Mixer,Vermouth [Sweet],Rob Roy,http://www.reddit.com/r/cocktails/comments/2owdug/not_cocktail_of_the_week_101_rob_roy/
Mixer,Vermouth [Sweet],Cocktail a la Lousiane,http://www.reddit.com/r/cocktails/comments/2tzik7/not_cocktail_of_the_week_106_cocktail_a_la/
Mixer,Vermouth [Sweet],Vintage Manhattan,http://www.reddit.com/r/cocktails/comments/2qy53c/not_cocktail_of_the_week_104_vintage_manhattan/
Mixer,Vermouth [Sweet],Vintage Negroni,http://www.reddit.com/r/cocktails/comments/2qy53c/not_cocktail_of_the_week_104_vintage_manhattan/
Mixer,Vermouth [Sweet],The Other Left,http://www.reddit.com/r/cocktails/comments/25kdi0/not_cocktail_of_the_week_71_revolver_the_other/
Mixer,Vermouth [Sweet],Rum Manhattan,http://www.reddit.com/r/cocktails/comments/27wec2/not_cocktail_of_the_week_75_bumbo_rum_manhattan/
Mixer,Vermouth [Sweet],Bijou,http://www.reddit.com/r/cocktails/comments/2ypbjw/not_cocktail_of_the_week_109_bijou/
Mixer,Vermouth [Sweet],Old Ironsides,http://www.reddit.com/r/cocktails/comments/33i34n/not_cocktail_of_the_week_112_old_ironsides/
Mixer,Vermouth [Sweet],Kingston Negroni,https://www.reddit.com/r/cocktails/comments/38e4cc/not_cocktail_of_the_week_116_kingston_negroni/
Spirit,Vodka,Martini,http://www.reddit.com/r/cocktails/comments/26p35e/not_cocktail_of_the_week_73_dry_martini/
Spirit,Vodka,Gimlet,http://www.reddit.com/r/cocktails/comments/28i1dn/not_cocktail_of_the_week_76_gimlet/
Mixer,Water,Hot Toddy,http://www.reddit.com/r/cocktails/comments/2qb14e/not_cocktail_of_the_week_103_hot_toddy/
Mixer,Water [Mineral],Daiquiri,http://www.reddit.com/r/cocktails/comments/1i0sbt/not_cocktail_of_the_week_27_daiquiri/
Mixer,Water [Mineral],Mojito,http://www.reddit.com/r/cocktails/comments/2aw7zg/not_cocktail_of_the_week_80_mojito/
Mixer,Water [Soda],Mai Tai,http://www.reddit.com/r/cocktails/comments/1ii3l5/not_cocktail_of_the_week_28_mai_tai/
Mixer,Water [Soda],Southside and Southern Exposure,http://www.reddit.com/r/cocktails/comments/1jfrqi/not_cocktail_of_the_week_30_southside_and/
Mixer,Water [Soda],Old-Fashioned,http://www.reddit.com/r/cocktails/comments/1u7nb3/not_cocktail_of_the_week_52_oldfashioned/
Mixer,Water [Soda],Singapore Sling,http://www.reddit.com/r/cocktails/comments/24z689/not_cocktail_of_the_week_70_singapore_sling/
Mixer,Water [Soda],Mojito,http://www.reddit.com/r/cocktails/comments/2aw7zg/not_cocktail_of_the_week_80_mojito/
Mixer,Water [Soda],Tiki Edition - Navy Grog,http://www.reddit.com/r/cocktails/comments/2g11qr/not_cocktail_of_the_week_88_tiki_edition_navy_grog/
Mixer,Water [Soda],Sloe Gin Fizz,http://www.reddit.com/r/cocktails/comments/2hcybr/not_cocktail_of_the_week_90_sloe_gin_fizz/
Spirit,Whiskey [Bourbon],Boulevardier,http://www.reddit.com/r/cocktails/comments/180rvd/not_cocktail_of_the_week_5_boulevardier/
Spirit,Whiskey [Bourbon],Lion's Tail,http://www.reddit.com/r/cocktails/comments/18z307/not_cocktail_of_the_week_7_lions_tail/
Spirit,Whiskey [Bourbon],Godfather,http://www.reddit.com/r/cocktails/comments/1q21yk/not_cocktail_of_the_week_44_godfather/
Spirit,Whiskey [Bourbon],Scofflaw,http://www.reddit.com/r/cocktails/comments/1r389k/not_cocktail_of_the_week_46_scofflaw/
Spirit,Whiskey [Bourbon],Old-Fashioned,http://www.reddit.com/r/cocktails/comments/1u7nb3/not_cocktail_of_the_week_52_oldfashioned/
Spirit,Whiskey [Bourbon],Amaretto Sour,http://www.reddit.com/r/cocktails/comments/1vvuw7/not_cocktail_of_the_week_55_amaretto_sour/
Spirit,Whiskey [Bourbon],Ward Eight,http://www.reddit.com/r/cocktails/comments/1whtfg/not_cocktail_of_the_week_56_ward_eight/
Spirit,Whiskey [Bourbon],Blood and Sand,http://www.reddit.com/r/cocktails/comments/1yds2e/not_cocktail_of_the_week_59_blood_and_sand/
Spirit,Whiskey [Bourbon],Mint Julep,http://www.reddit.com/r/cocktails/comments/24d68i/not_cocktail_of_the_week_69_mint_julep/
Spirit,Whiskey [Bourbon],Brown Derby,http://www.reddit.com/r/cocktails/comments/2a9ow3/not_cocktail_of_the_week_79_brown_derby/
Spirit,Whiskey [Bourbon],Black Manhattan,http://www.reddit.com/r/cocktails/comments/2o6vuo/not_cocktail_of_the_week_100_black_manhattan/
Spirit,Whiskey [Bourbon],Paper Plane,http://www.reddit.com/r/cocktails/comments/2x6iww/ncotw_108_paper_plane/
Spirit,Whiskey [Bourbon],Vintage Manhattan,http://www.reddit.com/r/cocktails/comments/2qy53c/not_cocktail_of_the_week_104_vintage_manhattan/
Spirit,Whiskey [Bourbon],Vasco de Gama,http://www.reddit.com/r/cocktails/comments/1rlin2/not_cocktail_of_the_week_47_vasco_de_gamaafonso/
Spirit,Whiskey [Bourbon],Revolver,http://www.reddit.com/r/cocktails/comments/25kdi0/not_cocktail_of_the_week_71_revolver_the_other/
Spirit,Whiskey [Bourbon],The Other Left,http://www.reddit.com/r/cocktails/comments/25kdi0/not_cocktail_of_the_week_71_revolver_the_other/
Spirit,Whiskey [Bourbon],Conference,http://www.reddit.com/r/cocktails/comments/35usdg/not_cocktail_of_the_week_114_conference/
Spirit,Whiskey [Canadian],The Manhattan,http://www.reddit.com/r/cocktails/comments/16pciv/not_cocktail_of_the_week_2_the_manhattan/
Spirit,Whiskey [Canadian],Scofflaw,http://www.reddit.com/r/cocktails/comments/1r389k/not_cocktail_of_the_week_46_scofflaw/
Spirit,Whiskey [Canadian],Old-Fashioned,http://www.reddit.com/r/cocktails/comments/1u7nb3/not_cocktail_of_the_week_52_oldfashioned/
Spirit,Whiskey [Canadian],Toronto,http://www.reddit.com/r/cocktails/comments/2le79y/not_cocktail_of_the_week_96_toronto_fernet_branca/
Spirit,Whiskey [Canadian],Brooklyn,http://www.reddit.com/r/cocktails/comments/2ni3ba/not_cocktail_of_the_week_99_the_brooklyn/
Spirit,Whiskey [Canadian],Old Pal,http://www.reddit.com/r/cocktails/comments/2sfsns/not_cocktail_of_the_week_105_old_pal/
Spirit,Whiskey [Irish],Cameron's Kick,http://www.reddit.com/r/cocktails/comments/1la682/not_cocktail_of_the_week_34_camerons_kick/
Spirit,Whiskey [Rye],The Manhattan,http://www.reddit.com/r/cocktails/comments/16pciv/not_cocktail_of_the_week_2_the_manhattan/
Spirit,Whiskey [Rye],Boulevardier,http://www.reddit.com/r/cocktails/comments/180rvd/not_cocktail_of_the_week_5_boulevardier/
Spirit,Whiskey [Rye],Greenpoint,http://www.reddit.com/r/cocktails/comments/19s7lz/not_cocktail_of_the_week_9_greenpoint/
Spirit,Whiskey [Rye],Vieux Carre,http://www.reddit.com/r/cocktails/comments/1a8cs5/not_cocktail_of_the_week_10_vieux_carre/
Spirit,Whiskey [Rye],Final Ward,http://www.reddit.com/r/cocktails/comments/1d3j41/not_cocktail_of_the_week_16_final_ward/
Spirit,Whiskey [Rye],Monte Carlo,http://www.reddit.com/r/cocktails/comments/1fa6vy/not_cocktail_of_the_week_21_monte_carlo/
Spirit,Whiskey [Rye],Improved Whiskey Cocktail,http://www.reddit.com/r/cocktails/comments/1hkxy5/not_cocktail_of_the_week_26_improved_whiskey/
Spirit,Whiskey [Rye],Rattlesnake,http://www.reddit.com/r/cocktails/comments/1ktllm/not_cocktail_of_the_week_33_rattlesnake/
Spirit,Whiskey [Rye],Armistice,http://www.reddit.com/r/cocktails/comments/1m6xn2/not_cocktail_of_the_week_36_armistice/
Spirit,Whiskey [Rye],Diamondback,http://www.reddit.com/r/cocktails/comments/1pk1iv/not_cocktail_of_the_week_43_diamondback/
Spirit,Whiskey [Rye],Harvest Moon,http://www.reddit.com/r/cocktails/comments/1qkkly/not_cocktail_of_the_week_45_harvest_moon/
Spirit,Whiskey [Rye],Scofflaw,http://www.reddit.com/r/cocktails/comments/1r389k/not_cocktail_of_the_week_46_scofflaw/
Spirit,Whiskey [Rye],Afonso de Albuquerque,http://www.reddit.com/r/cocktails/comments/1rlin2/not_cocktail_of_the_week_47_vasco_de_gamaafonso/
Spirit,Whiskey [Rye],Twelve Mile Limit,http://www.reddit.com/r/cocktails/comments/1s3ub4/not_cocktail_of_the_week_48_twelve_mile_limit/
Spirit,Whiskey [Rye],Old-Fashioned,http://www.reddit.com/r/cocktails/comments/1u7nb3/not_cocktail_of_the_week_52_oldfashioned/
Spirit,Whiskey [Rye],Ward Eight,http://www.reddit.com/r/cocktails/comments/1whtfg/not_cocktail_of_the_week_56_ward_eight/
Spirit,Whiskey [Rye],Bronco Buster,http://www.reddit.com/r/cocktails/comments/1x4l11/not_cocktail_of_the_week_57_bronco_buster/
Spirit,Whiskey [Rye],Sazerac,http://www.reddit.com/r/cocktails/comments/1zk37d/not_cocktail_of_the_week_61_special_mardi_gras/
Spirit,Whiskey [Rye],Remember the Maine,http://www.reddit.com/r/cocktails/comments/20u5cf/not_cocktail_of_the_week_63_remember_the_maine/
Spirit,Whiskey [Rye],Mint Julep,http://www.reddit.com/r/cocktails/comments/24d68i/not_cocktail_of_the_week_69_mint_julep/
Spirit,Whiskey [Rye],Algonquin,http://www.reddit.com/r/cocktails/comments/2i16yn/ncotw_91_algonquin/
Spirit,Whiskey [Rye],Toronto,http://www.reddit.com/r/cocktails/comments/2le79y/not_cocktail_of_the_week_96_toronto_fernet_branca/
Spirit,Whiskey [Rye],Brooklyn,http://www.reddit.com/r/cocktails/comments/2ni3ba/not_cocktail_of_the_week_99_the_brooklyn/
Spirit,Whiskey [Rye],Black Manhattan,http://www.reddit.com/r/cocktails/comments/2o6vuo/not_cocktail_of_the_week_100_black_manhattan/
Spirit,Whiskey [Rye],Hot Toddy,http://www.reddit.com/r/cocktails/comments/2qb14e/not_cocktail_of_the_week_103_hot_toddy/
Spirit,Whiskey [Rye],Old Pal,http://www.reddit.com/r/cocktails/comments/2sfsns/not_cocktail_of_the_week_105_old_pal/
Spirit,Whiskey [Rye],Cocktail a la Lousiane,http://www.reddit.com/r/cocktails/comments/2tzik7/not_cocktail_of_the_week_106_cocktail_a_la/
Spirit,Whiskey [Rye],Vintage Manhattan,http://www.reddit.com/r/cocktails/comments/2qy53c/not_cocktail_of_the_week_104_vintage_manhattan/
Spirit,Whiskey [Rye],Conference,http://www.reddit.com/r/cocktails/comments/35usdg/not_cocktail_of_the_week_114_conference/
Spirit,Whiskey [Rye],Sweet and Vicious,http://www.reddit.com/r/cocktails/comments/37huyv/not_cocktail_of_the_week_115_sweet_and_vicious/